CarrierCode,ServiceType,OriginZip,DestZip,WeightFrom,WeightTo,Rate,Currency,EffectiveDate,ExpirationDate,TransitDays
USPS,Same Day,33101,77001,10,35,113.33,CAD,2025-08-01,2025-12-31,1
USPS,Ground,78701,60602,50,150,47.68,CAD,2025-08-01,2025-12-31,3
DHL,Express,78701,30309,50,51,54.77,CAD,2025-08-01,2025-12-31,1
UPS,Overnight,78701,19101,0,5,72.67,CAD,2025-08-01,2025-12-31,1
LASERSHIP,2-Day,33101,30309,50,55,45.24,USD,2025-08-01,2025-12-31,2
DHL,Ground,78701,85002,10,110,47.68,CAD,2025-08-01,2025-12-31,1
USPS,Overnight,77001,78701,50,51,77.48,USD,2025-08-01,2025-12-31,1
USPS,Freight,33101,10003,5,6,279.18,USD,2025-08-01,2025-12-31,8
ONTRAC,Same Day,75201,84101,25,75,138.45,CAD,2025-08-01,2025-12-31,1
UPS,Ground,78701,30309,1,2,22.66,CAD,2025-08-01,2025-12-31,1
LASERSHIP,Express,75201,78702,1,6,42.12,CAD,2025-08-01,2025-12-31,1
UPS,Freight,85001,98102,10,110,469.93,CAD,2025-08-01,2025-12-31,5
DHL,Ground,98101,20002,5,10,11.71,CAD,2025-08-01,2025-12-31,5
DHL,2-Day,90210,10001,10,15,18.74,USD,2025-08-01,2025-12-31,2
FEDEX,Express,85001,30310,0,1,39.37,USD,2025-08-01,2025-12-31,1
LASERSHIP,Freight,30309,98102,10,15,390.05,CAD,2025-08-01,2025-12-31,7
UPS,International,78701,78702,0,50,181.69,CAD,2025-08-01,2025-12-31,6
LASERSHIP,Overnight,85001,60602,50,75,126.09,CAD,2025-08-01,2025-12-31,1
ONTRAC,Ground,90210,30309,0,100,27.56,CAD,2025-08-01,2025-12-31,5
LASERSHIP,2-Day,78701,77001,100,150,77.62,CAD,2025-08-01,2025-12-31,2
DHL,International,98101,33102,100,125,111.84,USD,2025-08-01,2025-12-31,10
ONTRAC,International,60601,20001,0,1,49.14,USD,2025-08-01,2025-12-31,10
LASERSHIP,International,85001,77002,25,30,130.6,CAD,2025-08-01,2025-12-31,6
DHL,Overnight,33101,77002,0,5,61.07,CAD,2025-08-01,2025-12-31,1
ONTRAC,Ground,85001,60602,100,150,30.72,CAD,2025-08-01,2025-12-31,4
LASERSHIP,Same Day,75201,60601,25,30,179.26,USD,2025-08-01,2025-12-31,1
USPS,International,10001,75201,10,60,146.19,USD,2025-08-01,2025-12-31,14
DHL,Overnight,98101,19101,50,100,95.83,USD,2025-08-01,2025-12-31,1
DHL,International,33101,10003,10,11,86.69,USD,2025-08-01,2025-12-31,7
ONTRAC,2-Day,98101,84101,100,101,53.23,USD,2025-08-01,2025-12-31,2
UPS,International,10001,30309,100,125,128.74,USD,2025-08-01,2025-12-31,15
USPS,Same Day,10001,90210,10,110,167.35,CAD,2025-08-01,2025-12-31,1
DHL,Express,77001,20002,25,35,46.44,USD,2025-08-01,2025-12-31,1
USPS,Freight,30309,10003,100,105,384.6,CAD,2025-08-01,2025-12-31,9
DHL,Ground,60601,78702,100,101,49.29,CAD,2025-08-01,2025-12-31,5
ONTRAC,Overnight,30309,85002,25,30,92.39,CAD,2025-08-01,2025-12-31,1
USPS,International,85001,02101,50,100,197.07,USD,2025-08-01,2025-12-31,8
USPS,Express,78701,98102,25,125,75.39,USD,2025-08-01,2025-12-31,1
ONTRAC,Ground,10001,10002,1,26,30.09,USD,2025-08-01,2025-12-31,1
USPS,Overnight,60601,19101,0,5,72.06,USD,2025-08-01,2025-12-31,1
ONTRAC,Ground,10001,77002,1,26,23.28,CAD,2025-08-01,2025-12-31,3
UPS,Overnight,85001,84101,10,11,76.13,CAD,2025-08-01,2025-12-31,1
DHL,Freight,85001,20002,5,105,505.44,USD,2025-08-01,2025-12-31,4
USPS,2-Day,78701,02101,10,35,34.65,USD,2025-08-01,2025-12-31,2
FEDEX,Same Day,98101,20001,100,125,185.87,USD,2025-08-01,2025-12-31,1
DHL,2-Day,77001,75201,1,2,28.02,USD,2025-08-01,2025-12-31,2
FEDEX,2-Day,33101,60601,5,30,24.6,USD,2025-08-01,2025-12-31,2
FEDEX,Same Day,85001,10001,1,11,150.14,USD,2025-08-01,2025-12-31,1
ONTRAC,Overnight,98101,78701,0,25,92.61,USD,2025-08-01,2025-12-31,1
DHL,Overnight,77001,78702,0,50,68.65,CAD,2025-08-01,2025-12-31,1
FEDEX,Ground,85001,10002,1,51,13.48,USD,2025-08-01,2025-12-31,3
FEDEX,2-Day,33101,80201,100,125,74.59,USD,2025-08-01,2025-12-31,2
DHL,2-Day,98101,98102,1,51,32.33,CAD,2025-08-01,2025-12-31,2
FEDEX,Freight,90210,90211,50,60,520.82,CAD,2025-08-01,2025-12-31,10
ONTRAC,2-Day,33101,77002,100,150,51.36,USD,2025-08-01,2025-12-31,2
DHL,International,10001,78701,100,110,224.82,USD,2025-08-01,2025-12-31,12
ONTRAC,Express,10001,77002,25,125,81.7,CAD,2025-08-01,2025-12-31,1
FEDEX,Same Day,30309,30310,10,15,127.52,CAD,2025-08-01,2025-12-31,1
LASERSHIP,Ground,75201,60602,0,50,26.04,CAD,2025-08-01,2025-12-31,1
ONTRAC,Same Day,98101,20001,10,35,102.18,CAD,2025-08-01,2025-12-31,1
UPS,Express,77001,77002,1,11,31.37,USD,2025-08-01,2025-12-31,1
LASERSHIP,International,90210,20002,25,30,103.24,CAD,2025-08-01,2025-12-31,15
USPS,Overnight,33101,02101,0,1,63.97,CAD,2025-08-01,2025-12-31,1
DHL,2-Day,77001,19101,1,11,24.95,CAD,2025-08-01,2025-12-31,2
USPS,Ground,33101,98101,1,6,9.11,USD,2025-08-01,2025-12-31,1
LASERSHIP,2-Day,85001,30310,0,1,20.28,CAD,2025-08-01,2025-12-31,2
LASERSHIP,Express,78701,98101,1,6,23.01,USD,2025-08-01,2025-12-31,1
LASERSHIP,2-Day,85001,30310,1,11,28.29,CAD,2025-08-01,2025-12-31,2
DHL,Express,30309,90210,50,55,55.22,USD,2025-08-01,2025-12-31,1
DHL,International,75201,98102,5,30,133.43,CAD,2025-08-01,2025-12-31,7
USPS,2-Day,10001,77002,1,2,21.02,CAD,2025-08-01,2025-12-31,2
ONTRAC,International,75201,98102,25,26,156.26,CAD,2025-08-01,2025-12-31,11
ONTRAC,2-Day,75201,75202,5,6,19.4,CAD,2025-08-01,2025-12-31,2
FEDEX,Same Day,75201,19102,0,5,101.35,CAD,2025-08-01,2025-12-31,1
DHL,2-Day,98101,75201,10,20,36.63,CAD,2025-08-01,2025-12-31,2
LASERSHIP,Overnight,30309,33101,0,100,132.1,CAD,2025-08-01,2025-12-31,1
USPS,Express,77001,84101,1,101,44.22,USD,2025-08-01,2025-12-31,1
ONTRAC,Ground,10001,90210,1,11,17.99,USD,2025-08-01,2025-12-31,3
USPS,Freight,30309,75202,50,100,562.01,CAD,2025-08-01,2025-12-31,4
FEDEX,Express,10001,60601,10,20,45.76,CAD,2025-08-01,2025-12-31,1
FEDEX,International,85001,10001,1,11,121.25,CAD,2025-08-01,2025-12-31,12
LASERSHIP,Ground,85001,90211,10,20,13.85,USD,2025-08-01,2025-12-31,4
DHL,Freight,10001,98102,10,11,322.05,CAD,2025-08-01,2025-12-31,6
LASERSHIP,Express,60601,78701,1,6,42.09,CAD,2025-08-01,2025-12-31,1
FEDEX,Same Day,78701,60601,1,2,94.48,USD,2025-08-01,2025-12-31,1
DHL,Overnight,77001,80201,10,11,64.94,CAD,2025-08-01,2025-12-31,1
DHL,Express,85001,10002,100,125,48.28,USD,2025-08-01,2025-12-31,1
FEDEX,Overnight,75201,33101,100,110,109.23,CAD,2025-08-01,2025-12-31,1
USPS,Ground,33101,85001,100,110,44.81,CAD,2025-08-01,2025-12-31,4
UPS,Freight,98101,75201,0,1,340.04,USD,2025-08-01,2025-12-31,7
LASERSHIP,Ground,75201,19102,10,15,19.41,USD,2025-08-01,2025-12-31,2
UPS,Freight,78701,80201,1,101,434.35,CAD,2025-08-01,2025-12-31,4
LASERSHIP,Freight,75201,10002,0,10,318.6,USD,2025-08-01,2025-12-31,6
UPS,2-Day,98101,20001,25,26,43.36,CAD,2025-08-01,2025-12-31,2
ONTRAC,Ground,75201,30310,10,20,20.07,USD,2025-08-01,2025-12-31,2
LASERSHIP,Freight,98101,33102,5,15,283.91,CAD,2025-08-01,2025-12-31,4
USPS,Express,85001,33101,1,26,56.41,USD,2025-08-01,2025-12-31,1
FEDEX,Ground,75201,78701,5,10,16.64,USD,2025-08-01,2025-12-31,1
UPS,Freight,30309,78702,5,30,289.53,USD,2025-08-01,2025-12-31,9
DHL,Ground,85001,77001,10,35,30.72,USD,2025-08-01,2025-12-31,4
DHL,2-Day,90210,77001,25,30,25.3,USD,2025-08-01,2025-12-31,2
FEDEX,Same Day,33101,90210,50,75,172.88,CAD,2025-08-01,2025-12-31,1
FEDEX,Overnight,85001,80202,100,150,184.22,USD,2025-08-01,2025-12-31,1
DHL,Freight,90210,33102,50,60,283.7,USD,2025-08-01,2025-12-31,5
LASERSHIP,Express,30309,80201,100,125,56.8,USD,2025-08-01,2025-12-31,1
LASERSHIP,Overnight,77001,80202,10,35,50.18,CAD,2025-08-01,2025-12-31,1
USPS,Overnight,10001,90210,10,110,74.11,USD,2025-08-01,2025-12-31,1
LASERSHIP,Freight,78701,19101,0,10,340.69,USD,2025-08-01,2025-12-31,8
LASERSHIP,Same Day,77001,98102,1,26,136.86,CAD,2025-08-01,2025-12-31,1
ONTRAC,Same Day,77001,80202,50,150,249.06,USD,2025-08-01,2025-12-31,1
ONTRAC,Overnight,77001,85001,1,101,149.58,CAD,2025-08-01,2025-12-31,1
ONTRAC,Overnight,98101,85002,100,150,137.9,USD,2025-08-01,2025-12-31,1
FEDEX,Freight,98101,02101,50,75,430.99,CAD,2025-08-01,2025-12-31,8
DHL,Overnight,33101,30309,1,101,74.29,USD,2025-08-01,2025-12-31,1
UPS,International,90210,98102,1,11,94.36,CAD,2025-08-01,2025-12-31,12
UPS,Freight,98101,80202,5,15,262.75,USD,2025-08-01,2025-12-31,4
UPS,Ground,60601,30310,100,125,44.39,USD,2025-08-01,2025-12-31,5
DHL,Overnight,85001,19102,1,2,70.57,USD,2025-08-01,2025-12-31,1
LASERSHIP,Freight,77001,19101,5,10,347.89,CAD,2025-08-01,2025-12-31,9
FEDEX,Ground,30309,19102,100,105,27.34,USD,2025-08-01,2025-12-31,5
DHL,Express,33101,78702,1,11,39.04,USD,2025-08-01,2025-12-31,1
DHL,Ground,77001,20001,100,150,24.41,USD,2025-08-01,2025-12-31,1
ONTRAC,International,85001,98101,50,51,72.17,CAD,2025-08-01,2025-12-31,15
FEDEX,Overnight,90210,75201,0,25,69.23,USD,2025-08-01,2025-12-31,1
USPS,Same Day,77001,78701,100,110,161.2,CAD,2025-08-01,2025-12-31,1
FEDEX,Ground,30309,84101,5,15,13.74,CAD,2025-08-01,2025-12-31,2
DHL,Ground,33101,85002,10,60,24.87,CAD,2025-08-01,2025-12-31,1
UPS,2-Day,10001,98101,10,20,37.69,USD,2025-08-01,2025-12-31,2
USPS,Ground,33101,60602,25,30,23.94,USD,2025-08-01,2025-12-31,1
ONTRAC,Freight,85001,90210,100,105,701.8,CAD,2025-08-01,2025-12-31,4
UPS,Freight,75201,77001,0,50,238.6,CAD,2025-08-01,2025-12-31,8
UPS,Express,98101,78701,5,30,29.89,USD,2025-08-01,2025-12-31,1
FEDEX,Overnight,78701,80201,1,51,102.35,USD,2025-08-01,2025-12-31,1
FEDEX,Freight,85001,78701,0,25,198.25,CAD,2025-08-01,2025-12-31,4
LASERSHIP,Express,60601,60602,0,10,33.87,CAD,2025-08-01,2025-12-31,1
ONTRAC,2-Day,77001,33102,100,125,71.22,USD,2025-08-01,2025-12-31,2
ONTRAC,Express,77001,77002,1,26,40.58,CAD,2025-08-01,2025-12-31,1
UPS,Express,78701,33102,1,26,56.23,USD,2025-08-01,2025-12-31,1
ONTRAC,International,30309,02102,25,35,94.47,CAD,2025-08-01,2025-12-31,5
USPS,Overnight,85001,75201,50,150,131.22,CAD,2025-08-01,2025-12-31,1
LASERSHIP,2-Day,77001,98102,25,35,35.1,CAD,2025-08-01,2025-12-31,2
LASERSHIP,Overnight,75201,84101,10,35,94.9,CAD,2025-08-01,2025-12-31,1
ONTRAC,International,10001,98101,10,15,131.93,USD,2025-08-01,2025-12-31,11
ONTRAC,Express,75201,80201,25,26,25.87,USD,2025-08-01,2025-12-31,1
UPS,Freight,77001,10001,50,150,588.75,USD,2025-08-01,2025-12-31,10
UPS,Same Day,85001,10001,1,11,123.14,CAD,2025-08-01,2025-12-31,1
ONTRAC,Freight,10001,84101,1,6,133.56,CAD,2025-08-01,2025-12-31,3
DHL,International,98101,90210,10,11,95.25,CAD,2025-08-01,2025-12-31,15
FEDEX,Same Day,60601,90210,5,6,109.96,CAD,2025-08-01,2025-12-31,1
FEDEX,International,30309,90210,5,55,85.35,CAD,2025-08-01,2025-12-31,6
UPS,2-Day,85001,98102,10,60,32.61,CAD,2025-08-01,2025-12-31,2
DHL,Ground,60601,75201,50,55,33.88,CAD,2025-08-01,2025-12-31,4
USPS,Overnight,30309,10002,0,25,84.01,USD,2025-08-01,2025-12-31,1
ONTRAC,Express,77001,85002,10,15,23.32,CAD,2025-08-01,2025-12-31,1
LASERSHIP,Freight,10001,20001,1,51,527.93,CAD,2025-08-01,2025-12-31,7
LASERSHIP,Ground,85001,90211,50,150,37.19,USD,2025-08-01,2025-12-31,3
UPS,International,30309,80202,5,6,56.82,CAD,2025-08-01,2025-12-31,7
USPS,International,10001,33101,1,26,117.97,USD,2025-08-01,2025-12-31,13
LASERSHIP,Freight,60601,80201,5,6,265.59,USD,2025-08-01,2025-12-31,8
LASERSHIP,2-Day,98101,85001,1,2,20.87,CAD,2025-08-01,2025-12-31,2
ONTRAC,Same Day,77001,85001,25,125,235.84,CAD,2025-08-01,2025-12-31,1
LASERSHIP,Express,75201,78702,5,6,42.89,CAD,2025-08-01,2025-12-31,1
ONTRAC,Ground,30309,85001,10,20,12.14,USD,2025-08-01,2025-12-31,4
USPS,2-Day,60601,20002,25,30,28.97,USD,2025-08-01,2025-12-31,2
FEDEX,International,78701,19102,10,60,183.77,USD,2025-08-01,2025-12-31,6
ONTRAC,Overnight,75201,85002,100,105,119.33,CAD,2025-08-01,2025-12-31,1
LASERSHIP,Freight,85001,85002,0,5,138.21,CAD,2025-08-01,2025-12-31,5
DHL,Overnight,33101,02101,50,51,113.59,CAD,2025-08-01,2025-12-31,1
USPS,2-Day,60601,98101,5,30,28.67,USD,2025-08-01,2025-12-31,2
LASERSHIP,Same Day,75201,75202,5,105,295.76,CAD,2025-08-01,2025-12-31,1
ONTRAC,International,75201,78702,10,35,165.23,USD,2025-08-01,2025-12-31,12
ONTRAC,Same Day,30309,10001,10,20,158.14,USD,2025-08-01,2025-12-31,1
FEDEX,Freight,85001,78701,50,100,599.39,USD,2025-08-01,2025-12-31,6
UPS,Overnight,75201,10003,10,110,108.76,CAD,2025-08-01,2025-12-31,1
LASERSHIP,International,10001,90211,100,125,139.74,USD,2025-08-01,2025-12-31,7
USPS,International,90210,10002,5,105,210.07,CAD,2025-08-01,2025-12-31,6
FEDEX,2-Day,33101,75201,50,100,37.11,USD,2025-08-01,2025-12-31,2
UPS,Express,33101,75201,25,30,30.88,USD,2025-08-01,2025-12-31,1
LASERSHIP,Same Day,90210,20002,0,5,134.89,USD,2025-08-01,2025-12-31,1
LASERSHIP,International,60601,75202,10,20,71.13,USD,2025-08-01,2025-12-31,5
LASERSHIP,Ground,30309,98102,50,51,27.61,CAD,2025-08-01,2025-12-31,5
USPS,Express,33101,78702,100,101,46.37,CAD,2025-08-01,2025-12-31,1
DHL,2-Day,85001,19101,1,6,18.67,USD,2025-08-01,2025-12-31,2
UPS,Express,90210,19101,100,200,66.34,USD,2025-08-01,2025-12-31,1
UPS,Overnight,75201,02102,100,150,140.21,USD,2025-08-01,2025-12-31,1
FEDEX,Ground,77001,10002,25,26,11.35,CAD,2025-08-01,2025-12-31,5
DHL,Same Day,33101,20002,5,6,134.01,USD,2025-08-01,2025-12-31,1
FEDEX,Express,60601,02101,1,6,35.21,CAD,2025-08-01,2025-12-31,1
DHL,2-Day,10001,60602,25,35,35.21,CAD,2025-08-01,2025-12-31,2
DHL,2-Day,85001,20002,50,51,44.61,USD,2025-08-01,2025-12-31,2
LASERSHIP,Freight,10001,20001,5,105,503.42,CAD,2025-08-01,2025-12-31,7
USPS,Ground,10001,60601,0,100,29.14,USD,2025-08-01,2025-12-31,2
UPS,Same Day,78701,78702,10,20,144.1,USD,2025-08-01,2025-12-31,1
DHL,Express,75201,02102,10,35,56.05,USD,2025-08-01,2025-12-31,1
DHL,Express,75201,20002,10,20,52.43,USD,2025-08-01,2025-12-31,1
LASERSHIP,Same Day,77001,30310,100,200,365.04,CAD,2025-08-01,2025-12-31,1
FEDEX,Overnight,98101,90210,5,6,88.47,USD,2025-08-01,2025-12-31,1
UPS,Freight,30309,80202,50,55,497.77,CAD,2025-08-01,2025-12-31,7
ONTRAC,Overnight,60601,60602,50,51,71.28,USD,2025-08-01,2025-12-31,1
UPS,Express,77001,84101,25,125,81.4,CAD,2025-08-01,2025-12-31,1
ONTRAC,Same Day,98101,85001,50,55,133.87,CAD,2025-08-01,2025-12-31,1
DHL,International,85001,78702,0,100,161.74,USD,2025-08-01,2025-12-31,14
LASERSHIP,Overnight,30309,33101,5,105,109.2,USD,2025-08-01,2025-12-31,1
USPS,2-Day,90210,10002,0,5,36.66,USD,2025-08-01,2025-12-31,2
USPS,Overnight,10001,75201,0,5,43.02,CAD,2025-08-01,2025-12-31,1
USPS,2-Day,90210,60601,0,25,37.18,CAD,2025-08-01,2025-12-31,2
DHL,International,85001,75201,100,110,260.03,CAD,2025-08-01,2025-12-31,14
UPS,International,98101,85002,25,125,215.09,CAD,2025-08-01,2025-12-31,9
USPS,Freight,90210,10002,5,10,326.93,USD,2025-08-01,2025-12-31,3
LASERSHIP,Express,30309,84101,5,105,42.5,CAD,2025-08-01,2025-12-31,1
ONTRAC,Express,85001,84101,10,35,44.3,USD,2025-08-01,2025-12-31,1
USPS,Same Day,30309,30310,5,105,193.77,CAD,2025-08-01,2025-12-31,1
USPS,Freight,33101,85001,25,30,172.41,CAD,2025-08-01,2025-12-31,7
DHL,Freight,90210,33101,0,50,290.36,USD,2025-08-01,2025-12-31,7
DHL,Overnight,30309,02102,100,125,128.77,CAD,2025-08-01,2025-12-31,1
UPS,Freight,30309,90210,10,20,367.38,CAD,2025-08-01,2025-12-31,7
DHL,Ground,33101,30310,10,20,19.92,USD,2025-08-01,2025-12-31,1
UPS,Freight,98101,30310,1,101,289.62,USD,2025-08-01,2025-12-31,10
DHL,2-Day,98101,10003,5,105,71.51,USD,2025-08-01,2025-12-31,2
USPS,2-Day,98101,90211,5,30,20.15,CAD,2025-08-01,2025-12-31,2
DHL,Freight,10001,60601,5,15,370.92,CAD,2025-08-01,2025-12-31,9
ONTRAC,Freight,78701,84101,100,101,601.2,CAD,2025-08-01,2025-12-31,9
UPS,International,10001,19102,50,60,186.38,USD,2025-08-01,2025-12-31,11
LASERSHIP,International,85001,30310,0,5,58.33,CAD,2025-08-01,2025-12-31,14
USPS,Ground,10001,02101,10,60,15.06,USD,2025-08-01,2025-12-31,4
UPS,Express,98101,90211,0,100,74.1,USD,2025-08-01,2025-12-31,1
LASERSHIP,2-Day,90210,10001,25,30,22.64,CAD,2025-08-01,2025-12-31,2
LASERSHIP,Express,90210,60601,10,15,30.45,USD,2025-08-01,2025-12-31,1
LASERSHIP,Express,78701,60602,50,55,50.46,CAD,2025-08-01,2025-12-31,1
LASERSHIP,Ground,98101,77002,1,6,25.39,USD,2025-08-01,2025-12-31,1
LASERSHIP,2-Day,10001,33102,10,15,18.43,CAD,2025-08-01,2025-12-31,2
UPS,Freight,60601,85001,50,75,239.31,CAD,2025-08-01,2025-12-31,6
LASERSHIP,Ground,75201,77002,50,51,33.53,CAD,2025-08-01,2025-12-31,4
USPS,Same Day,98101,78702,10,11,102.09,USD,2025-08-01,2025-12-31,1
UPS,Same Day,85001,84101,5,105,224.24,USD,2025-08-01,2025-12-31,1
LASERSHIP,Freight,75201,78702,25,125,361.38,USD,2025-08-01,2025-12-31,8
FEDEX,International,30309,20002,1,26,101.68,CAD,2025-08-01,2025-12-31,12
DHL,International,10001,30309,1,11,120.06,USD,2025-08-01,2025-12-31,11
DHL,Freight,30309,30310,100,200,882.09,USD,2025-08-01,2025-12-31,3
UPS,Express,10001,90210,25,50,34.52,USD,2025-08-01,2025-12-31,1
FEDEX,Express,60601,33102,1,2,26.76,USD,2025-08-01,2025-12-31,1
ONTRAC,Overnight,60601,98102,100,150,160.41,USD,2025-08-01,2025-12-31,1
ONTRAC,International,98101,77002,1,51,118.05,USD,2025-08-01,2025-12-31,13
FEDEX,International,33101,98102,0,50,132.04,CAD,2025-08-01,2025-12-31,9
ONTRAC,Ground,77001,98101,5,6,9.75,USD,2025-08-01,2025-12-31,1
LASERSHIP,Ground,98101,30309,1,11,18.65,USD,2025-08-01,2025-12-31,4
FEDEX,Freight,60601,02102,1,26,402.81,USD,2025-08-01,2025-12-31,4
DHL,International,90210,98101,1,26,122.57,CAD,2025-08-01,2025-12-31,10
UPS,Freight,10001,77002,50,60,485.26,CAD,2025-08-01,2025-12-31,10
DHL,Freight,10001,19102,10,15,342.61,USD,2025-08-01,2025-12-31,4
FEDEX,Ground,75201,30309,100,200,48.81,USD,2025-08-01,2025-12-31,4
ONTRAC,Same Day,30309,20001,50,51,123.27,USD,2025-08-01,2025-12-31,1
LASERSHIP,2-Day,60601,33102,50,150,75.94,USD,2025-08-01,2025-12-31,2
LASERSHIP,Freight,30309,84101,100,101,599.8,USD,2025-08-01,2025-12-31,9
UPS,Overnight,33101,85001,25,30,54.01,USD,2025-08-01,2025-12-31,1
DHL,Same Day,75201,85001,0,5,149.49,USD,2025-08-01,2025-12-31,1
FEDEX,Ground,78701,80202,10,15,13.01,CAD,2025-08-01,2025-12-31,3
LASERSHIP,Express,98101,60601,25,35,57.19,USD,2025-08-01,2025-12-31,1
UPS,Same Day,77001,90211,5,30,161.95,USD,2025-08-01,2025-12-31,1
LASERSHIP,2-Day,75201,85001,25,30,21.59,CAD,2025-08-01,2025-12-31,2
LASERSHIP,Freight,77001,20002,25,125,692.91,USD,2025-08-01,2025-12-31,7
LASERSHIP,Overnight,60601,33101,100,150,134.15,USD,2025-08-01,2025-12-31,1
FEDEX,International,30309,77001,100,105,238.01,CAD,2025-08-01,2025-12-31,7
UPS,2-Day,85001,33101,50,51,28.23,CAD,2025-08-01,2025-12-31,2
LASERSHIP,Ground,30309,98102,5,55,16.56,CAD,2025-08-01,2025-12-31,5
FEDEX,Overnight,60601,80202,0,25,69.02,USD,2025-08-01,2025-12-31,1
LASERSHIP,Express,78701,85001,50,51,40.55,CAD,2025-08-01,2025-12-31,1
FEDEX,Same Day,60601,77002,5,6,85.14,USD,2025-08-01,2025-12-31,1
LASERSHIP,Overnight,75201,20002,1,6,40.49,CAD,2025-08-01,2025-12-31,1
UPS,Same Day,75201,77001,25,35,186.97,USD,2025-08-01,2025-12-31,1
UPS,Ground,30309,60601,10,11,25.55,CAD,2025-08-01,2025-12-31,4
UPS,Overnight,60601,10002,25,75,90.56,CAD,2025-08-01,2025-12-31,1
LASERSHIP,Overnight,98101,85002,0,50,124.32,CAD,2025-08-01,2025-12-31,1
FEDEX,Overnight,30309,30310,100,110,170.49,CAD,2025-08-01,2025-12-31,1
ONTRAC,International,60601,80201,10,20,147.51,USD,2025-08-01,2025-12-31,10
UPS,Overnight,30309,10002,0,100,108.97,USD,2025-08-01,2025-12-31,1
ONTRAC,Express,75201,10002,25,35,35.04,USD,2025-08-01,2025-12-31,1
USPS,Same Day,90210,80201,1,6,120.9,USD,2025-08-01,2025-12-31,1
UPS,2-Day,10001,30310,5,55,52.26,CAD,2025-08-01,2025-12-31,2
USPS,Overnight,85001,78702,50,51,93.39,USD,2025-08-01,2025-12-31,1
FEDEX,Overnight,98101,10001,25,125,156.83,USD,2025-08-01,2025-12-31,1
USPS,Ground,78701,80201,50,100,42.18,USD,2025-08-01,2025-12-31,3
UPS,Overnight,60601,98102,1,26,91.05,USD,2025-08-01,2025-12-31,1
LASERSHIP,Ground,30309,80202,50,51,15.71,CAD,2025-08-01,2025-12-31,3
LASERSHIP,2-Day,75201,78702,25,30,24.83,CAD,2025-08-01,2025-12-31,2
DHL,2-Day,77001,85002,0,100,41.93,USD,2025-08-01,2025-12-31,2
UPS,Freight,78701,78702,25,50,520.01,CAD,2025-08-01,2025-12-31,8
LASERSHIP,Ground,77001,90211,0,100,36.81,CAD,2025-08-01,2025-12-31,2
USPS,Express,75201,10003,100,150,66.97,CAD,2025-08-01,2025-12-31,1
USPS,Express,77001,10001,1,2,25.62,CAD,2025-08-01,2025-12-31,1
FEDEX,Express,77001,02101,0,1,33.87,CAD,2025-08-01,2025-12-31,1
USPS,Freight,60601,20002,10,110,566.49,CAD,2025-08-01,2025-12-31,10
FEDEX,2-Day,33101,30309,1,51,43.73,USD,2025-08-01,2025-12-31,2
ONTRAC,Freight,30309,90211,50,55,524.01,CAD,2025-08-01,2025-12-31,10
LASERSHIP,Express,75201,78702,10,11,36.66,USD,2025-08-01,2025-12-31,1
ONTRAC,Express,30309,02102,50,60,41.37,CAD,2025-08-01,2025-12-31,1
UPS,Overnight,90210,80202,50,150,87.86,CAD,2025-08-01,2025-12-31,1
ONTRAC,Ground,85001,75202,50,60,37.34,USD,2025-08-01,2025-12-31,1
UPS,Express,75201,77001,100,101,42.88,CAD,2025-08-01,2025-12-31,1
DHL,Overnight,98101,75201,50,100,85.55,CAD,2025-08-01,2025-12-31,1
LASERSHIP,Overnight,10001,75201,1,51,98.38,CAD,2025-08-01,2025-12-31,1
UPS,International,78701,10003,10,35,126.53,CAD,2025-08-01,2025-12-31,7
LASERSHIP,Ground,90210,20001,5,30,29.95,USD,2025-08-01,2025-12-31,4
FEDEX,Overnight,60601,85002,5,10,88.71,CAD,2025-08-01,2025-12-31,1
UPS,Overnight,33101,77001,5,105,131.89,CAD,2025-08-01,2025-12-31,1
UPS,Freight,30309,19102,25,35,434.94,USD,2025-08-01,2025-12-31,6
ONTRAC,Overnight,33101,90210,25,26,50.35,USD,2025-08-01,2025-12-31,1
ONTRAC,Freight,98101,90210,25,75,437.21,USD,2025-08-01,2025-12-31,4
DHL,International,78701,98102,10,11,86.0,CAD,2025-08-01,2025-12-31,11
FEDEX,2-Day,77001,19102,0,25,29.19,CAD,2025-08-01,2025-12-31,2
ONTRAC,International,10001,20002,10,11,133.49,CAD,2025-08-01,2025-12-31,10
DHL,2-Day,85001,02102,1,2,16.03,USD,2025-08-01,2025-12-31,2
UPS,Ground,30309,90211,100,101,41.53,CAD,2025-08-01,2025-12-31,4
FEDEX,Same Day,98101,30309,25,30,157.89,USD,2025-08-01,2025-12-31,1
DHL,Ground,85001,98102,10,15,14.63,CAD,2025-08-01,2025-12-31,4
FEDEX,Freight,98101,02102,50,75,293.35,CAD,2025-08-01,2025-12-31,7
LASERSHIP,Ground,30309,02102,1,2,22.44,CAD,2025-08-01,2025-12-31,5
UPS,Express,78701,78702,50,75,65.01,USD,2025-08-01,2025-12-31,1
ONTRAC,Express,10001,33102,5,15,26.53,USD,2025-08-01,2025-12-31,1
DHL,Express,10001,75201,1,101,41.17,CAD,2025-08-01,2025-12-31,1
UPS,2-Day,90210,20002,5,55,32.91,USD,2025-08-01,2025-12-31,2
UPS,2-Day,75201,60601,1,26,28.87,USD,2025-08-01,2025-12-31,2
USPS,Same Day,30309,80202,50,150,346.74,USD,2025-08-01,2025-12-31,1
LASERSHIP,Express,90210,20001,5,10,49.49,CAD,2025-08-01,2025-12-31,1
FEDEX,Express,77001,75202,50,150,83.94,CAD,2025-08-01,2025-12-31,1
USPS,Same Day,77001,85001,25,50,137.23,CAD,2025-08-01,2025-12-31,1
ONTRAC,Overnight,30309,60602,10,20,54.54,USD,2025-08-01,2025-12-31,1
UPS,Express,10001,60601,100,150,87.7,CAD,2025-08-01,2025-12-31,1
LASERSHIP,2-Day,85001,90210,0,100,31.26,CAD,2025-08-01,2025-12-31,2
DHL,Freight,10001,85001,0,25,259.1,USD,2025-08-01,2025-12-31,7
ONTRAC,2-Day,33101,80201,5,6,19.18,CAD,2025-08-01,2025-12-31,2
USPS,Same Day,33101,78702,10,110,246.42,CAD,2025-08-01,2025-12-31,1
DHL,Overnight,85001,02102,10,60,67.98,CAD,2025-08-01,2025-12-31,1
UPS,International,60601,85002,50,150,250.18,CAD,2025-08-01,2025-12-31,9
DHL,Same Day,33101,02102,25,50,123.43,USD,2025-08-01,2025-12-31,1
ONTRAC,Overnight,77001,30310,50,75,124.26,USD,2025-08-01,2025-12-31,1
ONTRAC,Ground,85001,02101,100,150,45.3,CAD,2025-08-01,2025-12-31,3
FEDEX,2-Day,78701,90211,10,20,41.65,USD,2025-08-01,2025-12-31,2
FEDEX,Ground,90210,77001,10,110,27.42,USD,2025-08-01,2025-12-31,3
FEDEX,International,78701,98101,50,60,123.24,USD,2025-08-01,2025-12-31,5
ONTRAC,Ground,75201,98101,10,35,21.33,USD,2025-08-01,2025-12-31,2
LASERSHIP,Ground,33101,33102,1,101,38.75,CAD,2025-08-01,2025-12-31,4
LASERSHIP,International,33101,75201,100,150,119.49,USD,2025-08-01,2025-12-31,11
UPS,Overnight,78701,33101,5,10,59.49,CAD,2025-08-01,2025-12-31,1
FEDEX,International,33101,60601,100,150,272.72,CAD,2025-08-01,2025-12-31,6
USPS,Overnight,85001,33102,25,30,86.46,CAD,2025-08-01,2025-12-31,1
DHL,Overnight,30309,30310,25,35,98.97,CAD,2025-08-01,2025-12-31,1
DHL,Freight,75201,33101,100,150,559.09,CAD,2025-08-01,2025-12-31,6
ONTRAC,Express,30309,19101,25,26,39.44,CAD,2025-08-01,2025-12-31,1
FEDEX,2-Day,33101,75202,5,15,22.33,USD,2025-08-01,2025-12-31,2
UPS,Express,90210,80201,0,10,27.03,USD,2025-08-01,2025-12-31,1
ONTRAC,Overnight,85001,20002,50,55,67.77,USD,2025-08-01,2025-12-31,1
ONTRAC,Ground,77001,60601,25,30,23.7,CAD,2025-08-01,2025-12-31,3
LASERSHIP,Ground,98101,80202,5,6,25.17,USD,2025-08-01,2025-12-31,5
DHL,Same Day,33101,19101,5,55,126.43,USD,2025-08-01,2025-12-31,1
DHL,Freight,30309,19101,100,105,566.77,CAD,2025-08-01,2025-12-31,9
LASERSHIP,Freight,60601,98101,0,50,410.74,USD,2025-08-01,2025-12-31,6
LASERSHIP,Same Day,30309,19101,25,75,207.5,USD,2025-08-01,2025-12-31,1
DHL,Express,90210,90211,50,55,65.17,USD,2025-08-01,2025-12-31,1
FEDEX,Ground,98101,60602,5,15,14.53,CAD,2025-08-01,2025-12-31,5
LASERSHIP,Overnight,75201,90211,1,51,57.02,USD,2025-08-01,2025-12-31,1
UPS,Freight,85001,78702,100,150,328.33,USD,2025-08-01,2025-12-31,5
FEDEX,2-Day,85001,20001,10,15,34.79,CAD,2025-08-01,2025-12-31,2
ONTRAC,Same Day,33101,10003,50,75,256.87,CAD,2025-08-01,2025-12-31,1
LASERSHIP,Same Day,77001,10002,0,100,259.12,USD,2025-08-01,2025-12-31,1
USPS,Ground,77001,30309,10,60,17.85,USD,2025-08-01,2025-12-31,1
DHL,Ground,60601,33102,10,60,14.24,CAD,2025-08-01,2025-12-31,1
FEDEX,International,10001,30309,1,2,64.21,USD,2025-08-01,2025-12-31,9
FEDEX,Express,90210,20001,1,11,23.71,USD,2025-08-01,2025-12-31,1
USPS,Same Day,78701,60602,5,6,145.68,USD,2025-08-01,2025-12-31,1
USPS,Ground,33101,90210,5,10,15.55,USD,2025-08-01,2025-12-31,3
USPS,Overnight,10001,85002,10,110,79.43,CAD,2025-08-01,2025-12-31,1
FEDEX,2-Day,98101,77001,1,11,19.43,CAD,2025-08-01,2025-12-31,2
LASERSHIP,International,10001,19102,1,26,126.98,CAD,2025-08-01,2025-12-31,11
ONTRAC,2-Day,75201,80201,1,6,23.83,USD,2025-08-01,2025-12-31,2
UPS,International,78701,19102,50,60,127.65,USD,2025-08-01,2025-12-31,9
FEDEX,Freight,30309,98102,25,30,353.22,USD,2025-08-01,2025-12-31,6
DHL,International,90210,75201,100,150,282.46,CAD,2025-08-01,2025-12-31,6
DHL,2-Day,78701,02102,100,150,84.27,USD,2025-08-01,2025-12-31,2
ONTRAC,Express,30309,02102,50,60,35.35,CAD,2025-08-01,2025-12-31,1
LASERSHIP,Overnight,98101,19101,5,10,90.04,CAD,2025-08-01,2025-12-31,1
USPS,Same Day,78701,80201,25,125,288.47,USD,2025-08-01,2025-12-31,1
LASERSHIP,International,90210,85001,50,55,70.44,CAD,2025-08-01,2025-12-31,8
FEDEX,2-Day,90210,33102,25,35,35.56,CAD,2025-08-01,2025-12-31,2
LASERSHIP,Overnight,90210,33102,50,51,56.67,USD,2025-08-01,2025-12-31,1
USPS,Ground,30309,77001,5,55,25.15,CAD,2025-08-01,2025-12-31,2
UPS,2-Day,10001,84101,100,200,98.55,USD,2025-08-01,2025-12-31,2
DHL,Freight,77001,98102,5,105,322.45,CAD,2025-08-01,2025-12-31,6
USPS,2-Day,78701,98101,5,30,25.08,USD,2025-08-01,2025-12-31,2
UPS,Same Day,90210,19102,1,6,90.68,USD,2025-08-01,2025-12-31,1
ONTRAC,2-Day,85001,60601,5,15,22.67,CAD,2025-08-01,2025-12-31,2
LASERSHIP,Freight,77001,33102,1,101,371.81,CAD,2025-08-01,2025-12-31,10
ONTRAC,International,77001,19101,1,6,67.4,CAD,2025-08-01,2025-12-31,8
LASERSHIP,Express,30309,10002,1,11,43.15,USD,2025-08-01,2025-12-31,1
LASERSHIP,Ground,98101,10002,50,75,41.3,CAD,2025-08-01,2025-12-31,4
ONTRAC,Freight,60601,20002,0,100,690.72,CAD,2025-08-01,2025-12-31,8
USPS,International,85001,85002,100,150,250.43,USD,2025-08-01,2025-12-31,8
USPS,International,90210,30309,0,5,74.86,USD,2025-08-01,2025-12-31,7
ONTRAC,Overnight,90210,90211,1,2,83.77,USD,2025-08-01,2025-12-31,1
UPS,2-Day,78701,90210,10,11,20.36,USD,2025-08-01,2025-12-31,2
ONTRAC,Freight,33101,33102,10,60,340.24,CAD,2025-08-01,2025-12-31,5
UPS,International,33101,78702,100,101,100.34,USD,2025-08-01,2025-12-31,14
FEDEX,Overnight,33101,78702,1,6,61.35,CAD,2025-08-01,2025-12-31,1
DHL,Overnight,78701,10001,100,110,119.95,USD,2025-08-01,2025-12-31,1
DHL,Express,10001,33101,25,50,31.88,USD,2025-08-01,2025-12-31,1
LASERSHIP,Same Day,85001,80202,0,25,133.01,CAD,2025-08-01,2025-12-31,1
UPS,Overnight,85001,30310,10,35,50.48,CAD,2025-08-01,2025-12-31,1
DHL,Same Day,60601,02101,0,1,126.18,USD,2025-08-01,2025-12-31,1
DHL,International,78701,84101,50,150,220.44,CAD,2025-08-01,2025-12-31,12
DHL,International,33101,85001,10,35,99.76,USD,2025-08-01,2025-12-31,15
ONTRAC,2-Day,77001,20002,1,51,24.19,USD,2025-08-01,2025-12-31,2
FEDEX,Overnight,30309,80201,50,100,110.2,USD,2025-08-01,2025-12-31,1
FEDEX,Express,98101,85002,0,5,35.73,CAD,2025-08-01,2025-12-31,1
FEDEX,Overnight,60601,98101,10,35,112.96,USD,2025-08-01,2025-12-31,1
LASERSHIP,Freight,98101,33102,0,50,324.26,CAD,2025-08-01,2025-12-31,10
UPS,Overnight,90210,02102,5,55,107.11,CAD,2025-08-01,2025-12-31,1
FEDEX,International,85001,90211,10,20,111.03,CAD,2025-08-01,2025-12-31,13
ONTRAC,International,77001,20002,10,35,69.3,CAD,2025-08-01,2025-12-31,12
DHL,Overnight,75201,10002,1,6,74.22,USD,2025-08-01,2025-12-31,1
UPS,Express,75201,85001,5,6,28.09,USD,2025-08-01,2025-12-31,1
LASERSHIP,International,75201,98102,5,6,74.25,CAD,2025-08-01,2025-12-31,11
LASERSHIP,Same Day,98101,33101,10,20,168.75,CAD,2025-08-01,2025-12-31,1
FEDEX,Freight,90210,20002,0,10,263.77,CAD,2025-08-01,2025-12-31,3
LASERSHIP,Same Day,75201,78701,25,75,234.7,CAD,2025-08-01,2025-12-31,1
FEDEX,Freight,77001,33101,50,75,428.43,CAD,2025-08-01,2025-12-31,3
ONTRAC,Ground,78701,85002,100,125,48.68,USD,2025-08-01,2025-12-31,5
LASERSHIP,International,10001,60601,100,150,211.22,USD,2025-08-01,2025-12-31,5
USPS,Ground,10001,20001,100,105,23.01,CAD,2025-08-01,2025-12-31,1
UPS,Express,78701,84101,0,1,37.79,USD,2025-08-01,2025-12-31,1
DHL,Same Day,77001,85001,1,11,136.93,CAD,2025-08-01,2025-12-31,1
FEDEX,Freight,10001,90210,5,30,196.37,USD,2025-08-01,2025-12-31,10
FEDEX,Overnight,10001,10002,1,11,81.53,CAD,2025-08-01,2025-12-31,1
USPS,Ground,33101,98102,100,125,49.2,USD,2025-08-01,2025-12-31,3
LASERSHIP,International,85001,90211,1,51,71.64,CAD,2025-08-01,2025-12-31,15
ONTRAC,Overnight,75201,30309,1,51,87.39,CAD,2025-08-01,2025-12-31,1
LASERSHIP,Express,98101,19101,5,15,37.35,CAD,2025-08-01,2025-12-31,1
LASERSHIP,Freight,10001,98101,10,35,329.71,CAD,2025-08-01,2025-12-31,8
UPS,Ground,77001,10002,50,100,42.07,CAD,2025-08-01,2025-12-31,5
UPS,2-Day,77001,90210,100,105,58.82,CAD,2025-08-01,2025-12-31,2
ONTRAC,Overnight,60601,20002,100,110,107.47,USD,2025-08-01,2025-12-31,1
UPS,Same Day,98101,30309,25,75,240.54,CAD,2025-08-01,2025-12-31,1
UPS,International,33101,98102,100,101,181.41,USD,2025-08-01,2025-12-31,12
DHL,Overnight,90210,10002,25,75,146.1,CAD,2025-08-01,2025-12-31,1
UPS,Same Day,30309,98102,1,11,153.03,USD,2025-08-01,2025-12-31,1
UPS,Express,60601,30310,100,150,66.25,CAD,2025-08-01,2025-12-31,1
FEDEX,Express,77001,10003,50,60,42.86,CAD,2025-08-01,2025-12-31,1
LASERSHIP,Ground,33101,02102,25,26,29.01,USD,2025-08-01,2025-12-31,5
LASERSHIP,2-Day,33101,10001,10,15,24.33,CAD,2025-08-01,2025-12-31,2
UPS,Ground,30309,98101,5,30,31.7,CAD,2025-08-01,2025-12-31,3
FEDEX,Express,85001,10001,5,10,26.39,CAD,2025-08-01,2025-12-31,1
UPS,Express,78701,10002,25,35,30.19,USD,2025-08-01,2025-12-31,1
FEDEX,International,10001,77002,0,50,174.3,USD,2025-08-01,2025-12-31,12
ONTRAC,International,90210,10003,5,105,131.24,CAD,2025-08-01,2025-12-31,14
DHL,International,10001,20002,50,75,161.54,USD,2025-08-01,2025-12-31,15
FEDEX,Express,90210,90211,5,6,23.11,USD,2025-08-01,2025-12-31,1
FEDEX,2-Day,33101,85001,5,105,67.91,USD,2025-08-01,2025-12-31,2
USPS,Same Day,75201,60601,5,30,126.72,CAD,2025-08-01,2025-12-31,1
LASERSHIP,Freight,33101,75202,10,15,371.1,USD,2025-08-01,2025-12-31,10
DHL,Freight,75201,84101,5,105,469.44,CAD,2025-08-01,2025-12-31,6
DHL,Freight,30309,84101,100,105,617.22,CAD,2025-08-01,2025-12-31,4
LASERSHIP,Same Day,78701,90210,1,11,120.57,USD,2025-08-01,2025-12-31,1
DHL,Freight,98101,90210,1,26,278.1,USD,2025-08-01,2025-12-31,8
DHL,Same Day,10001,30310,0,1,105.08,CAD,2025-08-01,2025-12-31,1
FEDEX,2-Day,10001,90210,5,10,27.53,CAD,2025-08-01,2025-12-31,2
FEDEX,Freight,78701,20001,1,6,266.01,CAD,2025-08-01,2025-12-31,8
LASERSHIP,Express,90210,75202,5,10,47.61,CAD,2025-08-01,2025-12-31,1
USPS,Express,10001,02102,100,101,42.16,CAD,2025-08-01,2025-12-31,1
USPS,Same Day,98101,10002,25,35,167.36,USD,2025-08-01,2025-12-31,1
DHL,Ground,78701,90210,0,25,21.82,USD,2025-08-01,2025-12-31,5
ONTRAC,Same Day,85001,77002,5,30,144.52,CAD,2025-08-01,2025-12-31,1
FEDEX,Freight,77001,75202,1,51,285.55,CAD,2025-08-01,2025-12-31,6
UPS,2-Day,78701,78702,25,125,69.81,CAD,2025-08-01,2025-12-31,2
FEDEX,Same Day,33101,75201,50,51,199.59,USD,2025-08-01,2025-12-31,1
USPS,Freight,30309,33101,0,25,356.68,CAD,2025-08-01,2025-12-31,3
ONTRAC,Same Day,33101,85001,100,150,207.32,CAD,2025-08-01,2025-12-31,1
ONTRAC,Overnight,98101,75201,100,110,114.64,CAD,2025-08-01,2025-12-31,1
LASERSHIP,International,30309,60602,25,26,110.07,CAD,2025-08-01,2025-12-31,8
LASERSHIP,Ground,78701,02101,50,55,35.08,CAD,2025-08-01,2025-12-31,5
ONTRAC,Overnight,33101,30310,10,110,104.53,USD,2025-08-01,2025-12-31,1
USPS,Ground,85001,78701,0,100,35.95,CAD,2025-08-01,2025-12-31,2
FEDEX,Overnight,75201,90211,0,1,79.09,CAD,2025-08-01,2025-12-31,1
LASERSHIP,International,90210,60602,1,6,73.53,CAD,2025-08-01,2025-12-31,7
FEDEX,Ground,33101,30309,25,125,41.96,CAD,2025-08-01,2025-12-31,1
ONTRAC,International,98101,60602,50,100,94.36,USD,2025-08-01,2025-12-31,5
DHL,Freight,33101,77001,1,51,410.8,CAD,2025-08-01,2025-12-31,5
UPS,International,78701,80201,50,51,122.53,USD,2025-08-01,2025-12-31,7
LASERSHIP,Ground,77001,30310,50,51,18.09,USD,2025-08-01,2025-12-31,1
USPS,International,33101,78701,25,50,126.17,CAD,2025-08-01,2025-12-31,6
DHL,Overnight,77001,90211,1,2,85.67,USD,2025-08-01,2025-12-31,1
DHL,2-Day,98101,02102,50,51,34.96,USD,2025-08-01,2025-12-31,2
LASERSHIP,Ground,78701,90210,1,2,20.6,USD,2025-08-01,2025-12-31,3
DHL,Ground,98101,90211,5,105,32.44,CAD,2025-08-01,2025-12-31,1
DHL,Overnight,33101,10003,100,150,209.68,USD,2025-08-01,2025-12-31,1
FEDEX,Ground,90210,90211,100,101,30.09,USD,2025-08-01,2025-12-31,3
ONTRAC,Express,98101,60602,50,51,40.41,USD,2025-08-01,2025-12-31,1
USPS,Express,75201,10003,25,35,53.05,CAD,2025-08-01,2025-12-31,1
UPS,2-Day,77001,60601,25,50,43.48,CAD,2025-08-01,2025-12-31,2
UPS,2-Day,85001,60601,50,60,24.88,CAD,2025-08-01,2025-12-31,2
UPS,Ground,85001,30309,100,125,45.15,CAD,2025-08-01,2025-12-31,5
UPS,Express,77001,02101,0,100,53.97,USD,2025-08-01,2025-12-31,1
DHL,Same Day,75201,30310,10,11,155.02,USD,2025-08-01,2025-12-31,1
LASERSHIP,Express,33101,77001,25,35,37.66,USD,2025-08-01,2025-12-31,1
LASERSHIP,Overnight,85001,19101,25,75,138.74,USD,2025-08-01,2025-12-31,1
UPS,Freight,33101,19101,0,25,198.74,USD,2025-08-01,2025-12-31,5
UPS,Ground,75201,98101,1,2,17.92,USD,2025-08-01,2025-12-31,5
USPS,International,77001,02101,5,10,121.84,USD,2025-08-01,2025-12-31,7
ONTRAC,Same Day,98101,30309,100,105,303.37,USD,2025-08-01,2025-12-31,1
DHL,Same Day,75201,19101,25,26,152.77,CAD,2025-08-01,2025-12-31,1
USPS,Express,60601,33101,100,150,54.1,CAD,2025-08-01,2025-12-31,1
LASERSHIP,Freight,60601,02101,50,51,277.15,CAD,2025-08-01,2025-12-31,8
FEDEX,Ground,98101,30310,25,30,24.64,USD,2025-08-01,2025-12-31,1
LASERSHIP,International,85001,78701,5,105,133.4,CAD,2025-08-01,2025-12-31,8
ONTRAC,International,98101,90210,50,75,196.87,USD,2025-08-01,2025-12-31,11
UPS,Ground,85001,30310,25,50,19.07,CAD,2025-08-01,2025-12-31,1
ONTRAC,Ground,85001,10001,10,11,21.02,USD,2025-08-01,2025-12-31,1
FEDEX,International,85001,10001,0,25,72.39,CAD,2025-08-01,2025-12-31,14
UPS,Ground,33101,20002,50,60,35.38,USD,2025-08-01,2025-12-31,2
USPS,Freight,85001,84101,50,60,457.6,CAD,2025-08-01,2025-12-31,6
UPS,Express,10001,78701,25,30,30.01,CAD,2025-08-01,2025-12-31,1
USPS,Express,85001,30309,100,101,67.78,CAD,2025-08-01,2025-12-31,1
USPS,Freight,90210,02101,25,30,337.35,CAD,2025-08-01,2025-12-31,7
DHL,Overnight,98101,85001,25,125,99.99,USD,2025-08-01,2025-12-31,1
LASERSHIP,International,98101,30309,1,2,48.28,CAD,2025-08-01,2025-12-31,12
UPS,Freight,90210,98101,10,110,313.55,CAD,2025-08-01,2025-12-31,3
ONTRAC,2-Day,98101,10002,100,110,65.9,USD,2025-08-01,2025-12-31,2
ONTRAC,2-Day,85001,78702,100,110,38.43,USD,2025-08-01,2025-12-31,2
FEDEX,International,78701,33101,5,10,58.79,USD,2025-08-01,2025-12-31,8
FEDEX,International,60601,10003,0,5,120.1,CAD,2025-08-01,2025-12-31,11
UPS,Express,90210,10002,25,35,52.0,USD,2025-08-01,2025-12-31,1
USPS,Same Day,78701,85001,5,15,107.67,USD,2025-08-01,2025-12-31,1
DHL,Freight,33101,02101,1,6,366.65,USD,2025-08-01,2025-12-31,7
FEDEX,Ground,77001,90211,25,35,14.46,CAD,2025-08-01,2025-12-31,3
LASERSHIP,Express,30309,10002,10,11,43.49,USD,2025-08-01,2025-12-31,1
UPS,International,60601,77001,50,60,190.29,CAD,2025-08-01,2025-12-31,14
DHL,2-Day,85001,10001,25,26,34.18,CAD,2025-08-01,2025-12-31,2
FEDEX,2-Day,98101,85001,100,125,45.0,CAD,2025-08-01,2025-12-31,2
USPS,2-Day,33101,84101,100,101,31.98,CAD,2025-08-01,2025-12-31,2
FEDEX,Overnight,33101,60601,25,125,162.61,CAD,2025-08-01,2025-12-31,1
UPS,Ground,98101,84101,1,11,27.11,USD,2025-08-01,2025-12-31,3
LASERSHIP,Express,30309,90211,1,2,32.05,CAD,2025-08-01,2025-12-31,1
ONTRAC,2-Day,90210,19101,100,200,64.26,CAD,2025-08-01,2025-12-31,2
FEDEX,2-Day,90210,78701,0,10,36.08,CAD,2025-08-01,2025-12-31,2
LASERSHIP,Ground,10001,75201,50,55,22.45,CAD,2025-08-01,2025-12-31,3
LASERSHIP,Ground,77001,75202,5,6,18.27,CAD,2025-08-01,2025-12-31,2
UPS,Overnight,75201,80201,100,110,137.37,CAD,2025-08-01,2025-12-31,1
ONTRAC,Express,10001,75201,0,5,30.52,CAD,2025-08-01,2025-12-31,1
UPS,Overnight,85001,33101,10,60,65.86,USD,2025-08-01,2025-12-31,1
DHL,2-Day,90210,84101,5,105,48.09,CAD,2025-08-01,2025-12-31,2
LASERSHIP,2-Day,30309,78702,1,101,43.67,USD,2025-08-01,2025-12-31,2
LASERSHIP,Express,77001,20002,0,50,55.57,USD,2025-08-01,2025-12-31,1
ONTRAC,Same Day,98101,90210,100,150,317.55,CAD,2025-08-01,2025-12-31,1
UPS,Ground,33101,75202,0,50,26.19,USD,2025-08-01,2025-12-31,1
USPS,2-Day,90210,85001,1,11,30.0,CAD,2025-08-01,2025-12-31,2
USPS,Freight,98101,10001,0,10,351.67,USD,2025-08-01,2025-12-31,3
FEDEX,Ground,85001,90211,10,110,36.42,CAD,2025-08-01,2025-12-31,3
USPS,Ground,98101,10003,100,200,71.65,CAD,2025-08-01,2025-12-31,2
UPS,Overnight,30309,19102,50,51,59.41,CAD,2025-08-01,2025-12-31,1
USPS,Freight,85001,30309,5,55,453.43,CAD,2025-08-01,2025-12-31,4
USPS,International,90210,78702,1,11,77.25,USD,2025-08-01,2025-12-31,5
FEDEX,Ground,78701,33102,1,2,24.05,USD,2025-08-01,2025-12-31,3
ONTRAC,Overnight,10001,75201,0,1,44.17,CAD,2025-08-01,2025-12-31,1
LASERSHIP,Same Day,10001,10002,50,150,346.74,CAD,2025-08-01,2025-12-31,1
LASERSHIP,Overnight,98101,75201,100,150,158.33,USD,2025-08-01,2025-12-31,1
ONTRAC,2-Day,77001,75201,5,105,54.96,CAD,2025-08-01,2025-12-31,2
UPS,Freight,10001,02102,1,51,414.77,CAD,2025-08-01,2025-12-31,6
USPS,Overnight,10001,30309,5,55,61.89,USD,2025-08-01,2025-12-31,1
ONTRAC,2-Day,98101,10003,1,6,27.79,USD,2025-08-01,2025-12-31,2
FEDEX,Ground,90210,20001,25,35,27.3,USD,2025-08-01,2025-12-31,4
LASERSHIP,Ground,75201,02102,100,101,50.04,USD,2025-08-01,2025-12-31,3
UPS,Express,30309,77001,10,20,44.42,USD,2025-08-01,2025-12-31,1
DHL,2-Day,10001,02102,25,50,25.21,CAD,2025-08-01,2025-12-31,2
UPS,International,98101,77002,5,10,92.07,USD,2025-08-01,2025-12-31,14
LASERSHIP,International,10001,75202,1,2,53.94,USD,2025-08-01,2025-12-31,5
FEDEX,Same Day,60601,19101,1,51,200.37,CAD,2025-08-01,2025-12-31,1
LASERSHIP,Same Day,85001,10002,100,200,391.15,USD,2025-08-01,2025-12-31,1
LASERSHIP,Same Day,30309,30310,50,51,126.88,CAD,2025-08-01,2025-12-31,1
LASERSHIP,Same Day,98101,80202,10,35,144.33,CAD,2025-08-01,2025-12-31,1
ONTRAC,2-Day,75201,10003,100,110,60.88,CAD,2025-08-01,2025-12-31,2
ONTRAC,Freight,77001,10003,10,110,504.1,CAD,2025-08-01,2025-12-31,7
DHL,International,33101,78702,5,30,161.22,USD,2025-08-01,2025-12-31,15
DHL,Same Day,90210,85001,50,150,339.97,CAD,2025-08-01,2025-12-31,1
FEDEX,Overnight,98101,75201,5,6,70.5,USD,2025-08-01,2025-12-31,1
FEDEX,2-Day,30309,77002,100,101,65.3,USD,2025-08-01,2025-12-31,2
LASERSHIP,2-Day,90210,78702,10,15,30.25,USD,2025-08-01,2025-12-31,2
DHL,2-Day,10001,80202,25,125,56.15,CAD,2025-08-01,2025-12-31,2
LASERSHIP,Same Day,90210,10001,50,75,189.28,CAD,2025-08-01,2025-12-31,1
USPS,Express,30309,19101,25,26,54.71,USD,2025-08-01,2025-12-31,1
UPS,Ground,78701,20002,50,100,47.93,USD,2025-08-01,2025-12-31,5
FEDEX,International,77001,75202,50,55,188.17,USD,2025-08-01,2025-12-31,5
UPS,Overnight,30309,85002,100,110,150.15,CAD,2025-08-01,2025-12-31,1
LASERSHIP,International,98101,80201,0,50,161.39,USD,2025-08-01,2025-12-31,9
USPS,Ground,98101,90211,10,110,30.26,CAD,2025-08-01,2025-12-31,3
LASERSHIP,Overnight,10001,98101,1,6,89.81,CAD,2025-08-01,2025-12-31,1
USPS,Express,33101,77001,100,150,100.07,CAD,2025-08-01,2025-12-31,1
FEDEX,Overnight,75201,02101,0,5,42.77,CAD,2025-08-01,2025-12-31,1
FEDEX,Same Day,33101,85001,50,150,275.43,CAD,2025-08-01,2025-12-31,1
FEDEX,International,75201,84101,25,30,94.28,CAD,2025-08-01,2025-12-31,9
UPS,Same Day,33101,19101,0,100,218.69,USD,2025-08-01,2025-12-31,1
DHL,Ground,10001,33102,10,15,10.1,CAD,2025-08-01,2025-12-31,4
LASERSHIP,Express,77001,33102,1,2,21.03,CAD,2025-08-01,2025-12-31,1
FEDEX,Overnight,75201,60602,25,30,100.79,USD,2025-08-01,2025-12-31,1
LASERSHIP,Same Day,78701,90211,100,105,265.11,CAD,2025-08-01,2025-12-31,1
USPS,Ground,10001,33101,50,60,34.37,CAD,2025-08-01,2025-12-31,1
UPS,Freight,75201,77002,1,6,280.28,CAD,2025-08-01,2025-12-31,10
DHL,2-Day,33101,20001,10,35,41.97,USD,2025-08-01,2025-12-31,2
UPS,Express,10001,19102,1,6,47.53,CAD,2025-08-01,2025-12-31,1
DHL,Ground,75201,10001,5,55,26.31,USD,2025-08-01,2025-12-31,4
USPS,Overnight,85001,10002,5,55,86.24,USD,2025-08-01,2025-12-31,1
UPS,International,10001,10003,0,50,92.9,CAD,2025-08-01,2025-12-31,6
UPS,Overnight,10001,10002,1,101,143.52,CAD,2025-08-01,2025-12-31,1
UPS,International,77001,90211,100,200,223.41,USD,2025-08-01,2025-12-31,14
LASERSHIP,Overnight,77001,78701,10,20,44.76,USD,2025-08-01,2025-12-31,1
FEDEX,Freight,90210,90211,50,60,450.35,CAD,2025-08-01,2025-12-31,5
LASERSHIP,Overnight,60601,10003,5,55,120.87,USD,2025-08-01,2025-12-31,1
DHL,Express,30309,10001,1,2,34.3,CAD,2025-08-01,2025-12-31,1
UPS,Freight,77001,90211,0,5,204.56,CAD,2025-08-01,2025-12-31,9
ONTRAC,Ground,90210,84101,50,75,42.97,USD,2025-08-01,2025-12-31,3
LASERSHIP,Express,75201,75202,50,100,67.89,USD,2025-08-01,2025-12-31,1
FEDEX,Express,90210,77001,1,6,27.68,USD,2025-08-01,2025-12-31,1
USPS,Overnight,60601,98101,1,11,66.95,CAD,2025-08-01,2025-12-31,1
LASERSHIP,2-Day,98101,30309,25,26,39.36,CAD,2025-08-01,2025-12-31,2
UPS,Overnight,33101,77002,10,15,82.82,USD,2025-08-01,2025-12-31,1
USPS,Overnight,75201,90210,50,51,79.92,USD,2025-08-01,2025-12-31,1
DHL,Express,98101,02102,50,55,51.64,CAD,2025-08-01,2025-12-31,1
UPS,Same Day,30309,75201,5,30,120.88,USD,2025-08-01,2025-12-31,1
LASERSHIP,2-Day,78701,33101,5,6,20.46,CAD,2025-08-01,2025-12-31,2
DHL,Express,98101,20002,1,6,37.09,CAD,2025-08-01,2025-12-31,1
DHL,Freight,75201,80201,1,101,425.61,CAD,2025-08-01,2025-12-31,7
FEDEX,International,78701,85001,50,75,96.24,CAD,2025-08-01,2025-12-31,15
FEDEX,Same Day,85001,33102,0,100,236.77,CAD,2025-08-01,2025-12-31,1
USPS,Overnight,75201,98101,1,6,62.1,CAD,2025-08-01,2025-12-31,1
FEDEX,Freight,98101,80201,0,10,366.85,USD,2025-08-01,2025-12-31,4
LASERSHIP,Overnight,10001,19102,50,60,116.04,USD,2025-08-01,2025-12-31,1
DHL,Ground,78701,60602,100,125,47.48,USD,2025-08-01,2025-12-31,1
ONTRAC,Ground,90210,19102,25,125,43.57,CAD,2025-08-01,2025-12-31,2
UPS,2-Day,75201,77001,5,55,48.69,CAD,2025-08-01,2025-12-31,2
ONTRAC,Express,85001,78702,10,11,39.7,CAD,2025-08-01,2025-12-31,1
USPS,2-Day,98101,19101,10,15,30.54,CAD,2025-08-01,2025-12-31,2
LASERSHIP,2-Day,90210,78702,0,100,38.24,CAD,2025-08-01,2025-12-31,2
UPS,Express,85001,80202,5,105,61.14,CAD,2025-08-01,2025-12-31,1
DHL,2-Day,30309,10002,1,101,39.93,CAD,2025-08-01,2025-12-31,2
ONTRAC,2-Day,75201,75202,1,2,22.07,USD,2025-08-01,2025-12-31,2
USPS,Overnight,75201,10001,1,11,91.15,USD,2025-08-01,2025-12-31,1
FEDEX,Same Day,85001,33102,50,150,372.82,CAD,2025-08-01,2025-12-31,1
LASERSHIP,Ground,78701,20001,5,10,23.87,CAD,2025-08-01,2025-12-31,1
ONTRAC,International,78701,10002,0,10,101.82,USD,2025-08-01,2025-12-31,11
LASERSHIP,Same Day,60601,85002,50,51,136.48,CAD,2025-08-01,2025-12-31,1
LASERSHIP,International,90210,30309,100,125,178.29,CAD,2025-08-01,2025-12-31,9
FEDEX,2-Day,77001,10003,25,30,20.07,CAD,2025-08-01,2025-12-31,2
UPS,Same Day,85001,80202,100,105,198.46,CAD,2025-08-01,2025-12-31,1
LASERSHIP,Freight,77001,10003,1,11,275.9,CAD,2025-08-01,2025-12-31,6
LASERSHIP,Express,30309,33101,25,30,49.6,CAD,2025-08-01,2025-12-31,1
DHL,Same Day,10001,78702,0,50,187.41,USD,2025-08-01,2025-12-31,1
LASERSHIP,International,85001,33102,25,30,84.55,USD,2025-08-01,2025-12-31,5
DHL,International,30309,90210,100,110,187.93,USD,2025-08-01,2025-12-31,13
UPS,Overnight,33101,02102,25,26,78.55,USD,2025-08-01,2025-12-31,1
FEDEX,Ground,10001,78702,0,50,28.95,USD,2025-08-01,2025-12-31,3
UPS,Ground,77001,98102,50,60,15.6,CAD,2025-08-01,2025-12-31,5
DHL,2-Day,60601,10003,5,30,19.78,CAD,2025-08-01,2025-12-31,2
USPS,Express,30309,80202,10,15,37.58,USD,2025-08-01,2025-12-31,1
USPS,Same Day,98101,10003,50,51,217.94,USD,2025-08-01,2025-12-31,1
DHL,Express,77001,90210,0,5,29.37,USD,2025-08-01,2025-12-31,1
USPS,Ground,60601,20001,0,100,26.76,USD,2025-08-01,2025-12-31,2
ONTRAC,Same Day,77001,90210,25,75,180.83,CAD,2025-08-01,2025-12-31,1
ONTRAC,Freight,30309,19102,0,10,384.48,USD,2025-08-01,2025-12-31,8
ONTRAC,Overnight,33101,10001,100,125,102.9,USD,2025-08-01,2025-12-31,1
UPS,Ground,33101,80201,100,200,73.55,USD,2025-08-01,2025-12-31,4
UPS,Same Day,85001,80201,0,100,193.69,CAD,2025-08-01,2025-12-31,1
ONTRAC,Same Day,90210,90211,0,50,116.05,CAD,2025-08-01,2025-12-31,1
USPS,Freight,98101,19102,5,30,169.75,CAD,2025-08-01,2025-12-31,9
FEDEX,Overnight,33101,19102,100,110,96.68,CAD,2025-08-01,2025-12-31,1
UPS,Freight,75201,78701,100,200,736.37,USD,2025-08-01,2025-12-31,4
DHL,Ground,98101,80202,25,75,15.21,CAD,2025-08-01,2025-12-31,4
DHL,International,85001,78701,100,125,179.79,USD,2025-08-01,2025-12-31,5
FEDEX,Same Day,60601,02101,25,35,136.7,USD,2025-08-01,2025-12-31,1
FEDEX,Freight,85001,80201,5,10,244.0,CAD,2025-08-01,2025-12-31,3
DHL,2-Day,98101,85002,5,15,20.33,CAD,2025-08-01,2025-12-31,2
FEDEX,International,75201,20001,1,26,152.73,USD,2025-08-01,2025-12-31,13
FEDEX,Same Day,30309,20002,10,15,88.64,USD,2025-08-01,2025-12-31,1
FEDEX,International,33101,10003,25,75,132.64,USD,2025-08-01,2025-12-31,5
LASERSHIP,Ground,98101,10003,25,50,26.59,USD,2025-08-01,2025-12-31,2
USPS,Express,33101,80202,0,50,55.38,USD,2025-08-01,2025-12-31,1
FEDEX,Ground,33101,10002,100,105,39.41,CAD,2025-08-01,2025-12-31,2
USPS,Overnight,10001,85002,0,1,36.94,CAD,2025-08-01,2025-12-31,1
DHL,2-Day,85001,75201,50,51,23.35,CAD,2025-08-01,2025-12-31,2
USPS,2-Day,85001,20002,5,10,35.57,USD,2025-08-01,2025-12-31,2
ONTRAC,International,33101,80201,0,5,100.06,USD,2025-08-01,2025-12-31,6
LASERSHIP,Freight,90210,30309,1,6,254.52,USD,2025-08-01,2025-12-31,8
UPS,Freight,78701,10003,100,101,581.78,USD,2025-08-01,2025-12-31,6
ONTRAC,Freight,77001,60602,25,125,697.35,USD,2025-08-01,2025-12-31,5
ONTRAC,Overnight,98101,85002,0,50,121.71,USD,2025-08-01,2025-12-31,1
ONTRAC,Freight,98101,10001,5,55,368.21,CAD,2025-08-01,2025-12-31,3
USPS,2-Day,33101,33102,5,10,37.07,CAD,2025-08-01,2025-12-31,2
DHL,Ground,78701,98102,0,25,29.34,USD,2025-08-01,2025-12-31,1
DHL,Same Day,85001,98101,100,105,205.39,CAD,2025-08-01,2025-12-31,1
FEDEX,International,90210,02102,5,55,179.34,USD,2025-08-01,2025-12-31,8
UPS,2-Day,60601,20001,10,11,37.11,USD,2025-08-01,2025-12-31,2
DHL,Overnight,60601,30310,50,60,120.07,USD,2025-08-01,2025-12-31,1
USPS,International,75201,60601,1,101,146.85,CAD,2025-08-01,2025-12-31,7
ONTRAC,International,60601,10001,25,125,153.04,CAD,2025-08-01,2025-12-31,12
USPS,2-Day,30309,19101,5,30,30.74,USD,2025-08-01,2025-12-31,2
LASERSHIP,International,75201,33101,10,20,145.21,USD,2025-08-01,2025-12-31,5
ONTRAC,Freight,30309,10002,5,15,194.13,CAD,2025-08-01,2025-12-31,4
LASERSHIP,Express,30309,20002,5,55,57.95,USD,2025-08-01,2025-12-31,1
FEDEX,Ground,60601,19101,25,35,33.02,CAD,2025-08-01,2025-12-31,4
LASERSHIP,Same Day,10001,78701,1,2,83.41,USD,2025-08-01,2025-12-31,1
UPS,Freight,10001,10002,0,50,223.97,USD,2025-08-01,2025-12-31,4
USPS,International,77001,19102,1,2,63.76,USD,2025-08-01,2025-12-31,11
UPS,2-Day,30309,19101,0,50,34.56,USD,2025-08-01,2025-12-31,2
DHL,Ground,10001,02102,50,75,20.22,USD,2025-08-01,2025-12-31,4
UPS,Express,33101,78702,25,26,48.01,USD,2025-08-01,2025-12-31,1
LASERSHIP,Freight,75201,33102,50,51,217.22,USD,2025-08-01,2025-12-31,6
ONTRAC,International,75201,77002,1,6,71.95,USD,2025-08-01,2025-12-31,6
FEDEX,International,85001,98102,10,60,163.71,CAD,2025-08-01,2025-12-31,14
ONTRAC,Freight,78701,30309,25,125,736.68,USD,2025-08-01,2025-12-31,10
ONTRAC,Same Day,78701,02102,0,25,185.2,USD,2025-08-01,2025-12-31,1
UPS,2-Day,75201,30310,50,55,44.33,CAD,2025-08-01,2025-12-31,2
LASERSHIP,Express,78701,90211,50,150,72.84,USD,2025-08-01,2025-12-31,1
DHL,2-Day,78701,10001,0,5,18.88,USD,2025-08-01,2025-12-31,2
UPS,Freight,98101,20001,25,26,234.77,CAD,2025-08-01,2025-12-31,9
DHL,2-Day,30309,33101,25,125,54.69,USD,2025-08-01,2025-12-31,2
LASERSHIP,Same Day,75201,75202,10,11,102.47,USD,2025-08-01,2025-12-31,1
ONTRAC,Ground,75201,77002,25,35,11.7,CAD,2025-08-01,2025-12-31,3
DHL,Freight,85001,60602,1,2,196.3,USD,2025-08-01,2025-12-31,3
DHL,International,77001,10001,25,35,148.21,CAD,2025-08-01,2025-12-31,10
FEDEX,Ground,98101,90211,1,6,14.04,USD,2025-08-01,2025-12-31,2
LASERSHIP,Express,77001,60602,25,75,40.94,USD,2025-08-01,2025-12-31,1
FEDEX,Express,78701,90210,50,60,64.33,CAD,2025-08-01,2025-12-31,1
FEDEX,2-Day,85001,30309,25,125,41.81,USD,2025-08-01,2025-12-31,2
ONTRAC,Freight,10001,20002,50,51,353.7,USD,2025-08-01,2025-12-31,4
USPS,2-Day,90210,19101,0,25,20.71,CAD,2025-08-01,2025-12-31,2
DHL,2-Day,60601,77002,1,101,54.92,CAD,2025-08-01,2025-12-31,2
DHL,Express,60601,85002,50,150,96.45,USD,2025-08-01,2025-12-31,1
UPS,Overnight,85001,75201,100,110,176.11,USD,2025-08-01,2025-12-31,1
DHL,Freight,90210,10001,10,60,241.7,USD,2025-08-01,2025-12-31,5
LASERSHIP,2-Day,10001,10002,5,6,24.99,USD,2025-08-01,2025-12-31,2
LASERSHIP,Freight,78701,60601,5,55,482.74,USD,2025-08-01,2025-12-31,4
DHL,Ground,60601,20001,50,75,23.57,USD,2025-08-01,2025-12-31,3
USPS,2-Day,90210,60602,25,35,37.44,USD,2025-08-01,2025-12-31,2
ONTRAC,2-Day,78701,10002,50,60,40.76,CAD,2025-08-01,2025-12-31,2
USPS,Ground,85001,02102,10,110,26.76,CAD,2025-08-01,2025-12-31,5
FEDEX,Same Day,60601,33102,5,15,92.49,CAD,2025-08-01,2025-12-31,1
UPS,Express,98101,33101,1,51,42.85,CAD,2025-08-01,2025-12-31,1
ONTRAC,International,60601,02102,50,60,162.9,USD,2025-08-01,2025-12-31,13
ONTRAC,International,78701,30310,50,51,87.78,USD,2025-08-01,2025-12-31,11
UPS,Express,77001,10003,10,35,57.3,CAD,2025-08-01,2025-12-31,1
ONTRAC,International,75201,10003,5,30,133.2,CAD,2025-08-01,2025-12-31,11
LASERSHIP,Overnight,90210,75202,25,30,85.51,CAD,2025-08-01,2025-12-31,1
DHL,Ground,33101,84101,100,110,32.27,CAD,2025-08-01,2025-12-31,3
DHL,Ground,77001,10002,10,60,35.34,CAD,2025-08-01,2025-12-31,2
USPS,Express,33101,85001,1,51,33.35,CAD,2025-08-01,2025-12-31,1
DHL,Freight,90210,33101,50,55,522.66,USD,2025-08-01,2025-12-31,6
LASERSHIP,2-Day,75201,60602,5,55,26.34,USD,2025-08-01,2025-12-31,2
USPS,Overnight,10001,98101,100,125,120.48,USD,2025-08-01,2025-12-31,1
LASERSHIP,Express,10001,90211,25,50,35.39,CAD,2025-08-01,2025-12-31,1
DHL,Express,85001,10002,10,110,44.32,USD,2025-08-01,2025-12-31,1
DHL,Ground,10001,78702,50,75,26.75,USD,2025-08-01,2025-12-31,2
LASERSHIP,Freight,78701,02102,1,11,182.28,USD,2025-08-01,2025-12-31,9
ONTRAC,Freight,78701,90210,5,55,360.56,USD,2025-08-01,2025-12-31,3
FEDEX,Express,90210,19101,0,10,33.49,USD,2025-08-01,2025-12-31,1
ONTRAC,Same Day,90210,98101,50,75,212.34,USD,2025-08-01,2025-12-31,1
FEDEX,Same Day,85001,78702,100,110,304.48,CAD,2025-08-01,2025-12-31,1
DHL,Overnight,77001,60602,100,101,89.83,USD,2025-08-01,2025-12-31,1
ONTRAC,Ground,60601,80201,50,75,40.71,CAD,2025-08-01,2025-12-31,1
ONTRAC,Express,98101,78702,0,5,36.71,CAD,2025-08-01,2025-12-31,1
LASERSHIP,International,85001,10001,5,105,113.94,USD,2025-08-01,2025-12-31,15
DHL,Freight,98101,60601,100,110,314.72,USD,2025-08-01,2025-12-31,6
ONTRAC,Same Day,33101,80202,0,25,171.99,CAD,2025-08-01,2025-12-31,1
FEDEX,Freight,75201,02101,0,10,243.53,USD,2025-08-01,2025-12-31,9
FEDEX,International,90210,33102,100,105,172.18,USD,2025-08-01,2025-12-31,15
ONTRAC,Overnight,75201,77002,25,30,88.85,CAD,2025-08-01,2025-12-31,1
UPS,Ground,75201,30309,10,110,38.1,CAD,2025-08-01,2025-12-31,4
UPS,Freight,60601,02101,25,30,359.32,CAD,2025-08-01,2025-12-31,6
DHL,Ground,33101,20001,0,1,21.09,CAD,2025-08-01,2025-12-31,4
ONTRAC,2-Day,30309,33101,0,50,23.77,USD,2025-08-01,2025-12-31,2
LASERSHIP,Same Day,60601,19101,25,125,306.07,CAD,2025-08-01,2025-12-31,1
UPS,Ground,77001,80202,5,10,20.84,CAD,2025-08-01,2025-12-31,4
DHL,Freight,33101,30310,1,51,494.73,CAD,2025-08-01,2025-12-31,9
UPS,Same Day,60601,10001,25,75,249.34,CAD,2025-08-01,2025-12-31,1
LASERSHIP,Same Day,98101,30309,50,60,125.38,CAD,2025-08-01,2025-12-31,1
ONTRAC,Same Day,90210,10001,0,50,199.3,USD,2025-08-01,2025-12-31,1
LASERSHIP,Freight,85001,98101,100,110,276.13,CAD,2025-08-01,2025-12-31,10
ONTRAC,Same Day,90210,85001,10,20,170.12,USD,2025-08-01,2025-12-31,1
UPS,Overnight,90210,33102,10,110,126.29,CAD,2025-08-01,2025-12-31,1
LASERSHIP,Freight,10001,33102,5,10,272.73,CAD,2025-08-01,2025-12-31,5
LASERSHIP,Same Day,85001,60602,0,100,209.97,CAD,2025-08-01,2025-12-31,1
DHL,2-Day,30309,10003,5,6,30.22,USD,2025-08-01,2025-12-31,2
UPS,Express,33101,80202,1,11,48.06,CAD,2025-08-01,2025-12-31,1
UPS,2-Day,30309,98101,10,35,31.77,USD,2025-08-01,2025-12-31,2
DHL,Ground,60601,80202,5,30,24.16,CAD,2025-08-01,2025-12-31,1
UPS,Freight,78701,30309,50,75,241.68,USD,2025-08-01,2025-12-31,4
USPS,Same Day,33101,10001,1,6,158.47,USD,2025-08-01,2025-12-31,1
LASERSHIP,International,30309,84101,5,55,145.93,CAD,2025-08-01,2025-12-31,6
FEDEX,2-Day,30309,78702,10,11,23.66,CAD,2025-08-01,2025-12-31,2
FEDEX,Same Day,85001,10003,25,30,166.92,CAD,2025-08-01,2025-12-31,1
LASERSHIP,Same Day,98101,19101,25,50,208.27,CAD,2025-08-01,2025-12-31,1
FEDEX,2-Day,85001,19102,5,105,51.4,USD,2025-08-01,2025-12-31,2
ONTRAC,Same Day,77001,75201,5,105,167.15,USD,2025-08-01,2025-12-31,1
UPS,Overnight,10001,02102,0,50,94.65,CAD,2025-08-01,2025-12-31,1
USPS,Same Day,85001,90210,25,30,187.77,USD,2025-08-01,2025-12-31,1
UPS,Ground,60601,90211,50,100,31.76,USD,2025-08-01,2025-12-31,1
USPS,Overnight,78701,33102,5,10,90.89,CAD,2025-08-01,2025-12-31,1
LASERSHIP,Freight,33101,02101,10,11,280.1,CAD,2025-08-01,2025-12-31,10
UPS,Same Day,98101,19101,1,11,90.99,USD,2025-08-01,2025-12-31,1
DHL,Same Day,77001,20002,0,100,223.15,USD,2025-08-01,2025-12-31,1
LASERSHIP,Overnight,78701,33101,25,30,75.59,CAD,2025-08-01,2025-12-31,1
FEDEX,International,75201,33102,10,110,181.17,USD,2025-08-01,2025-12-31,12
FEDEX,Same Day,33101,80202,0,10,153.49,CAD,2025-08-01,2025-12-31,1
LASERSHIP,Overnight,78701,80202,1,2,86.68,CAD,2025-08-01,2025-12-31,1
UPS,Overnight,33101,98102,1,6,90.0,CAD,2025-08-01,2025-12-31,1
UPS,Freight,85001,30310,10,15,321.66,USD,2025-08-01,2025-12-31,4
LASERSHIP,2-Day,98101,60601,50,75,51.93,USD,2025-08-01,2025-12-31,2
ONTRAC,Ground,85001,30310,10,60,16.58,USD,2025-08-01,2025-12-31,2
USPS,2-Day,77001,19102,1,51,32.28,CAD,2025-08-01,2025-12-31,2
UPS,2-Day,77001,84101,1,26,39.37,USD,2025-08-01,2025-12-31,2
LASERSHIP,Overnight,77001,30309,100,150,132.03,CAD,2025-08-01,2025-12-31,1
DHL,Same Day,10001,90211,10,20,166.41,USD,2025-08-01,2025-12-31,1
USPS,2-Day,85001,30309,50,51,50.07,USD,2025-08-01,2025-12-31,2
FEDEX,Same Day,77001,19102,1,11,161.09,USD,2025-08-01,2025-12-31,1
ONTRAC,International,85001,30309,0,25,139.58,USD,2025-08-01,2025-12-31,12
DHL,Same Day,78701,33102,10,11,103.53,CAD,2025-08-01,2025-12-31,1
USPS,Ground,60601,02101,0,10,19.98,USD,2025-08-01,2025-12-31,4
FEDEX,Ground,60601,10002,0,50,15.2,USD,2025-08-01,2025-12-31,4
FEDEX,Same Day,85001,98101,25,35,170.15,CAD,2025-08-01,2025-12-31,1
USPS,Express,90210,20002,50,100,65.98,CAD,2025-08-01,2025-12-31,1
ONTRAC,Overnight,98101,02101,1,51,107.99,CAD,2025-08-01,2025-12-31,1
LASERSHIP,Overnight,60601,20002,5,30,70.17,USD,2025-08-01,2025-12-31,1
UPS,Express,78701,10001,10,20,24.65,USD,2025-08-01,2025-12-31,1
LASERSHIP,International,75201,60601,100,150,113.41,CAD,2025-08-01,2025-12-31,13
FEDEX,Express,77001,90210,50,55,47.69,USD,2025-08-01,2025-12-31,1
UPS,Overnight,90210,78701,25,26,53.46,USD,2025-08-01,2025-12-31,1
UPS,Ground,30309,60602,25,75,41.97,CAD,2025-08-01,2025-12-31,2
UPS,International,77001,10002,0,1,49.59,USD,2025-08-01,2025-12-31,6
USPS,Same Day,75201,30310,100,110,291.73,CAD,2025-08-01,2025-12-31,1
LASERSHIP,International,60601,10002,100,101,174.27,CAD,2025-08-01,2025-12-31,8
ONTRAC,Ground,85001,30309,1,51,13.04,USD,2025-08-01,2025-12-31,1
FEDEX,2-Day,77001,33102,10,110,36.58,USD,2025-08-01,2025-12-31,2
ONTRAC,Ground,78701,78702,5,10,26.78,USD,2025-08-01,2025-12-31,2
LASERSHIP,2-Day,30309,75202,0,50,39.02,CAD,2025-08-01,2025-12-31,2
USPS,Same Day,98101,10003,0,50,162.28,CAD,2025-08-01,2025-12-31,1
FEDEX,International,33101,90210,0,10,70.09,CAD,2025-08-01,2025-12-31,13
FEDEX,2-Day,85001,02102,10,60,53.79,CAD,2025-08-01,2025-12-31,2
ONTRAC,2-Day,90210,33102,50,75,41.61,CAD,2025-08-01,2025-12-31,2
UPS,Overnight,33101,60601,10,15,80.3,USD,2025-08-01,2025-12-31,1
LASERSHIP,2-Day,77001,75202,5,10,30.08,CAD,2025-08-01,2025-12-31,2
DHL,Ground,75201,10003,1,2,10.63,CAD,2025-08-01,2025-12-31,5
LASERSHIP,Same Day,85001,60601,25,30,111.23,USD,2025-08-01,2025-12-31,1
UPS,Freight,60601,10001,25,35,169.32,USD,2025-08-01,2025-12-31,8
LASERSHIP,Express,98101,30310,100,150,78.75,USD,2025-08-01,2025-12-31,1
DHL,Freight,77001,30309,10,15,362.62,USD,2025-08-01,2025-12-31,3
LASERSHIP,Same Day,78701,75202,0,50,195.85,USD,2025-08-01,2025-12-31,1
LASERSHIP,2-Day,30309,90210,100,110,40.67,USD,2025-08-01,2025-12-31,2
ONTRAC,Express,98101,90211,10,60,34.21,USD,2025-08-01,2025-12-31,1
DHL,Freight,33101,20001,10,60,382.0,CAD,2025-08-01,2025-12-31,8
FEDEX,Overnight,85001,78702,1,26,89.3,USD,2025-08-01,2025-12-31,1
FEDEX,Ground,98101,10003,100,125,38.15,USD,2025-08-01,2025-12-31,4
DHL,Overnight,60601,30310,25,26,59.22,USD,2025-08-01,2025-12-31,1
USPS,2-Day,75201,80202,10,20,32.63,CAD,2025-08-01,2025-12-31,2
UPS,2-Day,10001,75201,1,11,28.24,USD,2025-08-01,2025-12-31,2
FEDEX,Overnight,60601,02102,10,35,47.32,CAD,2025-08-01,2025-12-31,1
FEDEX,Ground,30309,19101,1,51,31.12,USD,2025-08-01,2025-12-31,5
UPS,Express,10001,98102,10,35,47.61,USD,2025-08-01,2025-12-31,1
FEDEX,Freight,85001,98101,10,15,171.23,CAD,2025-08-01,2025-12-31,5
DHL,Ground,75201,77002,25,35,20.59,USD,2025-08-01,2025-12-31,5
FEDEX,Express,30309,33102,25,50,41.23,CAD,2025-08-01,2025-12-31,1
USPS,2-Day,30309,02102,100,200,85.71,USD,2025-08-01,2025-12-31,2
UPS,International,85001,80201,50,51,161.48,CAD,2025-08-01,2025-12-31,8
USPS,Ground,90210,60602,10,35,23.04,CAD,2025-08-01,2025-12-31,4
DHL,Express,78701,75201,5,30,56.16,CAD,2025-08-01,2025-12-31,1
LASERSHIP,Overnight,75201,33102,0,100,81.04,CAD,2025-08-01,2025-12-31,1
LASERSHIP,Same Day,90210,98102,10,15,113.01,CAD,2025-08-01,2025-12-31,1
FEDEX,Express,75201,10002,10,15,25.54,USD,2025-08-01,2025-12-31,1
DHL,Overnight,30309,75202,1,6,67.71,USD,2025-08-01,2025-12-31,1
ONTRAC,International,10001,30310,1,11,50.31,USD,2025-08-01,2025-12-31,12
FEDEX,Freight,75201,78701,0,25,370.16,CAD,2025-08-01,2025-12-31,10
FEDEX,Same Day,60601,10002,25,30,124.99,CAD,2025-08-01,2025-12-31,1
DHL,2-Day,78701,02102,5,6,25.53,USD,2025-08-01,2025-12-31,2
DHL,Overnight,75201,10003,100,200,179.23,USD,2025-08-01,2025-12-31,1
UPS,Same Day,77001,19101,0,100,158.3,USD,2025-08-01,2025-12-31,1
LASERSHIP,Freight,10001,60602,1,6,222.42,CAD,2025-08-01,2025-12-31,5
DHL,Express,78701,60601,10,20,28.48,CAD,2025-08-01,2025-12-31,1
UPS,Express,30309,75202,10,11,46.89,USD,2025-08-01,2025-12-31,1
ONTRAC,International,98101,02101,100,200,169.41,USD,2025-08-01,2025-12-31,7
ONTRAC,Overnight,90210,77001,100,150,151.04,CAD,2025-08-01,2025-12-31,1
ONTRAC,Express,85001,33101,10,35,39.41,CAD,2025-08-01,2025-12-31,1
ONTRAC,Freight,30309,84101,1,26,229.43,CAD,2025-08-01,2025-12-31,8
LASERSHIP,Freight,90210,30309,25,35,444.72,USD,2025-08-01,2025-12-31,5
USPS,2-Day,33101,20002,50,100,63.57,CAD,2025-08-01,2025-12-31,2
ONTRAC,Express,90210,02101,1,6,25.62,CAD,2025-08-01,2025-12-31,1
LASERSHIP,2-Day,77001,10003,1,26,19.5,CAD,2025-08-01,2025-12-31,2
LASERSHIP,Overnight,75201,02101,10,60,111.66,CAD,2025-08-01,2025-12-31,1
ONTRAC,Same Day,33101,02101,1,51,176.75,CAD,2025-08-01,2025-12-31,1
FEDEX,Express,85001,84101,25,35,34.01,CAD,2025-08-01,2025-12-31,1
LASERSHIP,Overnight,85001,75201,100,150,103.19,USD,2025-08-01,2025-12-31,1
UPS,Express,90210,85001,50,75,77.27,USD,2025-08-01,2025-12-31,1
LASERSHIP,Overnight,10001,02102,50,150,163.13,CAD,2025-08-01,2025-12-31,1
ONTRAC,Ground,75201,30310,0,1,13.28,CAD,2025-08-01,2025-12-31,2
LASERSHIP,2-Day,85001,78702,1,2,35.03,USD,2025-08-01,2025-12-31,2
LASERSHIP,2-Day,78701,30310,100,105,48.44,USD,2025-08-01,2025-12-31,2
UPS,Ground,78701,80201,50,150,25.15,CAD,2025-08-01,2025-12-31,5
DHL,Freight,75201,20001,50,55,335.12,USD,2025-08-01,2025-12-31,3
ONTRAC,2-Day,60601,60602,0,50,43.77,USD,2025-08-01,2025-12-31,2
USPS,International,30309,19102,50,55,85.55,CAD,2025-08-01,2025-12-31,14
LASERSHIP,2-Day,10001,02102,5,55,51.85,USD,2025-08-01,2025-12-31,2
DHL,Ground,33101,20002,25,50,36.17,USD,2025-08-01,2025-12-31,3
ONTRAC,2-Day,98101,33101,10,15,18.0,USD,2025-08-01,2025-12-31,2
ONTRAC,Same Day,78701,60601,50,55,223.21,USD,2025-08-01,2025-12-31,1
UPS,Express,10001,84101,100,105,56.48,USD,2025-08-01,2025-12-31,1
USPS,International,30309,78702,10,11,71.09,USD,2025-08-01,2025-12-31,13
USPS,Express,85001,98101,100,150,105.22,CAD,2025-08-01,2025-12-31,1
FEDEX,International,78701,02102,100,125,119.74,CAD,2025-08-01,2025-12-31,7
USPS,Overnight,33101,84101,50,100,112.58,CAD,2025-08-01,2025-12-31,1
ONTRAC,Express,30309,02102,10,110,74.26,CAD,2025-08-01,2025-12-31,1
USPS,2-Day,30309,20001,25,30,32.25,USD,2025-08-01,2025-12-31,2
LASERSHIP,2-Day,78701,80202,100,101,44.89,USD,2025-08-01,2025-12-31,2
DHL,International,30309,78702,25,75,116.34,USD,2025-08-01,2025-12-31,12
ONTRAC,International,75201,19101,0,100,139.42,CAD,2025-08-01,2025-12-31,5
DHL,International,78701,30309,0,50,73.96,CAD,2025-08-01,2025-12-31,9
LASERSHIP,Overnight,78701,85002,25,125,158.94,CAD,2025-08-01,2025-12-31,1
UPS,Overnight,75201,33102,1,101,94.03,CAD,2025-08-01,2025-12-31,1
ONTRAC,Same Day,60601,33102,5,6,111.18,USD,2025-08-01,2025-12-31,1
USPS,Freight,90210,85002,1,26,194.2,CAD,2025-08-01,2025-12-31,10
DHL,Express,33101,78701,100,150,55.66,CAD,2025-08-01,2025-12-31,1
FEDEX,2-Day,60601,98102,100,105,42.17,USD,2025-08-01,2025-12-31,2
ONTRAC,Ground,78701,02101,25,50,27.84,CAD,2025-08-01,2025-12-31,3
USPS,Freight,60601,85002,100,101,356.6,USD,2025-08-01,2025-12-31,4
ONTRAC,Express,77001,33101,100,105,51.29,USD,2025-08-01,2025-12-31,1
USPS,International,60601,02101,25,26,120.76,CAD,2025-08-01,2025-12-31,10
ONTRAC,Ground,60601,78701,10,20,23.1,USD,2025-08-01,2025-12-31,4
LASERSHIP,Same Day,77001,90211,5,30,167.88,CAD,2025-08-01,2025-12-31,1
FEDEX,Overnight,30309,77001,25,50,53.87,CAD,2025-08-01,2025-12-31,1
USPS,International,30309,10001,50,60,127.86,USD,2025-08-01,2025-12-31,14
USPS,Ground,78701,80201,5,6,16.39,CAD,2025-08-01,2025-12-31,2
LASERSHIP,2-Day,30309,75201,10,60,27.91,USD,2025-08-01,2025-12-31,2
UPS,2-Day,98101,10002,100,101,67.63,CAD,2025-08-01,2025-12-31,2
FEDEX,Express,85001,10002,5,55,59.26,USD,2025-08-01,2025-12-31,1
UPS,Freight,10001,98102,5,30,424.15,USD,2025-08-01,2025-12-31,8
UPS,Express,85001,60602,0,1,24.88,CAD,2025-08-01,2025-12-31,1
LASERSHIP,Freight,85001,19102,25,125,369.31,USD,2025-08-01,2025-12-31,6
USPS,International,10001,33101,100,200,294.5,USD,2025-08-01,2025-12-31,13
ONTRAC,2-Day,90210,10003,0,25,25.32,USD,2025-08-01,2025-12-31,2
UPS,Ground,77001,98101,25,50,14.26,USD,2025-08-01,2025-12-31,3
FEDEX,Overnight,78701,02102,25,26,103.14,USD,2025-08-01,2025-12-31,1
LASERSHIP,Freight,75201,78702,10,15,378.32,USD,2025-08-01,2025-12-31,9
USPS,Express,10001,80202,0,1,31.2,CAD,2025-08-01,2025-12-31,1
UPS,Freight,77001,20002,50,150,809.59,USD,2025-08-01,2025-12-31,8
UPS,Same Day,90210,10002,0,10,104.49,CAD,2025-08-01,2025-12-31,1
DHL,International,77001,90210,25,35,151.83,CAD,2025-08-01,2025-12-31,13
LASERSHIP,Overnight,33101,75202,5,105,106.19,USD,2025-08-01,2025-12-31,1
UPS,Same Day,33101,02101,5,6,131.9,USD,2025-08-01,2025-12-31,1
UPS,2-Day,85001,02101,50,51,41.15,USD,2025-08-01,2025-12-31,2
ONTRAC,International,85001,30310,1,101,121.01,CAD,2025-08-01,2025-12-31,12
DHL,International,77001,10002,25,26,104.65,CAD,2025-08-01,2025-12-31,8
ONTRAC,Freight,10001,75202,1,11,181.96,USD,2025-08-01,2025-12-31,6
UPS,Overnight,90210,78702,100,200,227.06,USD,2025-08-01,2025-12-31,1
UPS,Express,33101,30310,1,26,47.02,CAD,2025-08-01,2025-12-31,1
FEDEX,Ground,78701,80201,10,60,29.68,USD,2025-08-01,2025-12-31,2
UPS,Same Day,77001,20001,10,20,130.63,CAD,2025-08-01,2025-12-31,1
ONTRAC,International,10001,84101,25,30,145.83,USD,2025-08-01,2025-12-31,7
UPS,Ground,98101,19101,25,125,21.84,CAD,2025-08-01,2025-12-31,1
UPS,International,90210,98102,5,6,58.01,CAD,2025-08-01,2025-12-31,14
UPS,Same Day,90210,90211,5,55,219.31,USD,2025-08-01,2025-12-31,1
DHL,Same Day,85001,33101,100,110,180.03,CAD,2025-08-01,2025-12-31,1
LASERSHIP,Overnight,78701,90210,100,200,202.19,USD,2025-08-01,2025-12-31,1
LASERSHIP,2-Day,33101,75201,1,51,33.7,CAD,2025-08-01,2025-12-31,2
FEDEX,International,90210,77001,5,105,139.94,USD,2025-08-01,2025-12-31,7
ONTRAC,Ground,60601,84101,10,11,13.15,CAD,2025-08-01,2025-12-31,4
USPS,Overnight,30309,75201,0,25,97.94,CAD,2025-08-01,2025-12-31,1
FEDEX,Same Day,10001,98101,0,10,88.47,CAD,2025-08-01,2025-12-31,1
LASERSHIP,Express,33101,10003,100,105,56.57,USD,2025-08-01,2025-12-31,1
ONTRAC,Ground,85001,02101,100,125,40.03,CAD,2025-08-01,2025-12-31,4
LASERSHIP,Overnight,30309,80202,0,50,125.36,CAD,2025-08-01,2025-12-31,1
FEDEX,Overnight,98101,60601,10,110,120.24,USD,2025-08-01,2025-12-31,1
LASERSHIP,Express,77001,02101,5,6,42.41,USD,2025-08-01,2025-12-31,1
UPS,International,10001,98102,25,30,110.52,CAD,2025-08-01,2025-12-31,9
ONTRAC,2-Day,77001,90211,0,25,31.56,CAD,2025-08-01,2025-12-31,2
ONTRAC,Freight,85001,19101,100,105,592.62,USD,2025-08-01,2025-12-31,4
DHL,Freight,85001,60602,10,60,462.28,CAD,2025-08-01,2025-12-31,3
LASERSHIP,Ground,78701,30310,50,55,25.43,CAD,2025-08-01,2025-12-31,4
UPS,Overnight,10001,60601,10,110,82.63,USD,2025-08-01,2025-12-31,1
USPS,Ground,30309,10003,50,150,58.37,CAD,2025-08-01,2025-12-31,5
LASERSHIP,2-Day,33101,33102,0,5,24.19,CAD,2025-08-01,2025-12-31,2
FEDEX,Express,60601,80201,10,11,23.65,CAD,2025-08-01,2025-12-31,1
FEDEX,Express,33101,02102,1,101,61.81,CAD,2025-08-01,2025-12-31,1
LASERSHIP,Overnight,75201,60601,10,60,70.59,USD,2025-08-01,2025-12-31,1
LASERSHIP,2-Day,60601,30310,10,110,63.08,CAD,2025-08-01,2025-12-31,2
DHL,2-Day,77001,30310,10,35,28.0,CAD,2025-08-01,2025-12-31,2
USPS,Overnight,33101,33102,5,55,68.41,CAD,2025-08-01,2025-12-31,1
USPS,International,90210,77002,5,15,110.68,USD,2025-08-01,2025-12-31,15
USPS,Freight,33101,30309,25,75,505.72,CAD,2025-08-01,2025-12-31,4
ONTRAC,Freight,75201,98101,25,125,432.52,USD,2025-08-01,2025-12-31,6
DHL,Same Day,30309,19102,5,30,143.66,CAD,2025-08-01,2025-12-31,1
ONTRAC,Overnight,85001,75201,50,51,93.61,USD,2025-08-01,2025-12-31,1
DHL,Ground,10001,60601,10,11,20.18,CAD,2025-08-01,2025-12-31,2
LASERSHIP,Express,10001,90210,1,26,47.15,USD,2025-08-01,2025-12-31,1
ONTRAC,Same Day,60601,02101,5,6,86.64,USD,2025-08-01,2025-12-31,1
LASERSHIP,Express,30309,84101,50,75,38.99,CAD,2025-08-01,2025-12-31,1
ONTRAC,Same Day,75201,02101,100,150,216.79,USD,2025-08-01,2025-12-31,1
LASERSHIP,Freight,33101,33102,0,5,149.6,CAD,2025-08-01,2025-12-31,9
ONTRAC,Ground,78701,85001,5,15,14.86,CAD,2025-08-01,2025-12-31,3
