WarehouseCode,ProductCode,ProductName,QuantityOnHand,QuantityAllocated,QuantityAvailable,QuantityOnOrder,ReorderPoint,MaxLevel,AverageCost,LastMovementDate,CountDate
WH001,CIR603,CIR Product 603,4229,202,4027,985,414,5051,297.53,2025-08-16,2025-07-25
WH001,DRM592,DRM Product 592,4878,451,4427,1928,233,4637,279.62,2025-07-23,2025-08-18
WH003,CIR139,CIR Product 139,3346,405,2941,538,486,2344,193.74,2025-08-07,2025-08-10
WH002,TNR942,TNR Product 942,1348,27,1321,417,320,3058,73.26,2025-07-27,2025-06-19
WH003,FUS441,FUS Product 441,2832,356,2476,1205,423,4161,260.71,2025-08-03,2025-08-13
WH004,MTR359,MTR Product 359,1382,188,1194,542,313,2432,97.06,2025-08-17,2025-05-26
WH005,FUS516,FUS Product 516,2656,449,2207,518,235,7528,227.2,2025-07-21,2025-07-16
WH001,INK693,INK Product 693,3516,130,3386,625,384,4009,89.84,2025-08-06,2025-07-07
WH006,DRM891,DRM Product 891,1612,432,1180,1802,89,1912,47.13,2025-08-14,2025-07-31
WH006,CIR293,CIR Product 293,4401,314,4087,1567,427,6988,293.27,2025-07-30,2025-06-01
WH006,TNR462,TNR Product 462,3591,461,3130,1584,253,7259,66.64,2025-07-30,2025-07-13
WH006,DRM502,DRM Product 502,1390,15,1375,392,494,7820,169.19,2025-08-08,2025-05-24
WH002,TNR920,TNR Product 920,3889,181,3708,1462,56,6366,165.6,2025-07-26,2025-08-11
WH005,MEM986,MEM Product 986,2022,423,1599,85,180,3694,216.13,2025-08-14,2025-08-15
WH004,FUS333,FUS Product 333,4467,257,4210,1699,124,3185,189.48,2025-08-13,2025-07-08
WH002,TRB013,TRB Product 013,292,53,239,1054,85,6858,262.53,2025-08-06,2025-06-20
WH005,TRB527,TRB Product 527,548,431,117,870,226,2411,87.97,2025-08-12,2025-05-26
WH003,TRB269,TRB Product 269,3502,27,3475,1691,322,2722,246.91,2025-07-23,2025-07-04
WH006,TNR487,TNR Product 487,4937,317,4620,445,280,6771,236.57,2025-08-17,2025-08-18
WH006,PTR247,PTR Product 247,4880,63,4817,301,324,4739,288.33,2025-08-04,2025-05-27
WH003,MTR753,MTR Product 753,3162,411,2751,1274,340,5745,131.11,2025-08-02,2025-06-13
WH005,DRM907,DRM Product 907,4905,31,4874,626,211,4942,176.15,2025-08-16,2025-06-19
WH001,TRB860,TRB Product 860,3681,348,3333,281,179,4087,74.36,2025-07-26,2025-08-08
WH006,MTR766,MTR Product 766,3123,363,2760,517,139,3193,44.86,2025-08-14,2025-06-09
WH006,FUS607,FUS Product 607,3682,83,3599,1067,170,2951,172.99,2025-08-17,2025-07-31
WH001,MTR512,MTR Product 512,246,100,146,1884,468,2287,283.44,2025-08-02,2025-07-24
WH002,MTR888,MTR Product 888,4216,473,3743,101,414,5735,169.76,2025-08-14,2025-07-29
WH002,TNR046,TNR Product 046,958,7,951,379,167,2439,267.35,2025-08-20,2025-08-11
WH006,MTR396,MTR Product 396,3779,222,3557,777,108,1371,273.54,2025-08-04,2025-05-31
WH005,MTR942,MTR Product 942,3939,366,3573,791,112,1091,167.03,2025-07-25,2025-07-13
WH002,PTR393,PTR Product 393,761,147,614,126,420,2927,269.93,2025-08-11,2025-07-10
WH006,FUS657,FUS Product 657,696,301,395,1045,436,1388,237.12,2025-08-12,2025-06-27
WH005,DRM200,DRM Product 200,2579,158,2421,836,493,5822,99.01,2025-07-30,2025-08-07
WH001,INK204,INK Product 204,138,117,21,1710,434,4311,275.29,2025-08-20,2025-07-03
WH003,PTR976,PTR Product 976,4819,194,4625,896,477,1610,103.42,2025-07-23,2025-05-23
WH001,MEM444,MEM Product 444,3194,216,2978,550,97,1604,9.82,2025-07-31,2025-06-30
WH003,TRB889,TRB Product 889,708,362,346,184,410,7887,268.18,2025-07-21,2025-07-22
WH003,INK828,INK Product 828,3661,277,3384,663,101,4267,186.54,2025-07-22,2025-06-05
WH003,CIR043,CIR Product 043,4282,314,3968,30,238,7332,171.13,2025-08-14,2025-06-25
WH004,MTR208,MTR Product 208,2410,283,2127,288,243,5376,219.32,2025-08-02,2025-06-01
WH004,DRM398,DRM Product 398,4971,235,4736,1607,57,5325,74.81,2025-08-07,2025-06-09
WH005,MTR920,MTR Product 920,4634,60,4574,967,320,6587,200.15,2025-08-05,2025-06-02
WH001,PTR032,PTR Product 032,3039,411,2628,1211,269,2479,112.72,2025-07-24,2025-08-10
WH005,CIR919,CIR Product 919,3088,11,3077,1419,354,2939,43.18,2025-07-21,2025-08-08
WH002,MEM903,MEM Product 903,2936,232,2704,1739,373,5276,175.72,2025-07-25,2025-07-27
WH004,INK310,INK Product 310,644,283,361,1750,52,7234,283.41,2025-07-23,2025-06-07
WH003,DRM964,DRM Product 964,596,401,195,944,234,3749,156.08,2025-07-21,2025-08-04
WH004,CIR468,CIR Product 468,2382,361,2021,184,393,7127,46.55,2025-08-11,2025-07-01
WH005,DRM803,DRM Product 803,611,49,562,1109,394,7530,251.42,2025-08-03,2025-08-01
WH003,TNR624,TNR Product 624,4851,206,4645,1925,120,4569,84.27,2025-08-15,2025-08-01
WH005,CIR343,CIR Product 343,4196,300,3896,152,280,1437,244.47,2025-07-23,2025-07-17
WH006,PTR273,PTR Product 273,1080,53,1027,1686,333,3839,206.21,2025-08-09,2025-06-18
WH001,PTR446,PTR Product 446,4143,64,4079,5,482,5734,47.6,2025-07-24,2025-07-04
WH004,INK728,INK Product 728,4706,9,4697,1921,425,1407,24.62,2025-08-08,2025-07-22
WH006,PTR420,PTR Product 420,2253,486,1767,108,285,2406,68.1,2025-08-16,2025-07-15
WH004,DRM516,DRM Product 516,1334,470,864,1146,362,3687,266.89,2025-07-23,2025-07-15
WH001,INK092,INK Product 092,3977,266,3711,1335,468,5232,59.72,2025-07-29,2025-07-17
WH006,CIR247,CIR Product 247,738,69,669,859,87,4190,282.82,2025-08-03,2025-07-03
WH001,CIR068,CIR Product 068,482,402,80,719,337,6255,211.21,2025-07-21,2025-08-12
WH001,TNR589,TNR Product 589,3045,499,2546,2,362,2458,254.08,2025-07-23,2025-08-06
WH006,TNR323,TNR Product 323,1523,218,1305,165,432,1357,224.69,2025-08-13,2025-06-24
WH001,DRM205,DRM Product 205,359,16,343,946,86,7632,132.47,2025-08-10,2025-05-24
WH001,INK980,INK Product 980,3963,131,3832,1855,408,7799,296.45,2025-08-18,2025-06-16
WH005,TRB576,TRB Product 576,2680,357,2323,600,166,7641,195.87,2025-07-26,2025-06-08
WH005,CIR424,CIR Product 424,4858,284,4574,1173,159,4376,107.31,2025-08-01,2025-07-18
WH003,CIR785,CIR Product 785,946,211,735,1712,425,1721,288.03,2025-07-26,2025-06-15
WH002,CIR208,CIR Product 208,2546,415,2131,1102,92,2746,271.09,2025-07-28,2025-08-10
WH001,TRB341,TRB Product 341,371,78,293,720,446,5599,201.2,2025-08-08,2025-07-22
WH006,DRM071,DRM Product 071,3836,456,3380,607,159,7419,238.45,2025-08-09,2025-06-24
WH003,MTR783,MTR Product 783,1982,172,1810,1784,127,4446,161.79,2025-08-08,2025-07-16
WH005,MEM040,MEM Product 040,3516,229,3287,396,351,5488,70.38,2025-07-29,2025-07-18
WH003,MTR516,MTR Product 516,1599,280,1319,621,140,3604,241.25,2025-08-08,2025-05-31
WH003,MEM937,MEM Product 937,1129,276,853,97,219,3736,21.59,2025-07-25,2025-06-24
WH003,INK403,INK Product 403,2949,229,2720,1269,221,3887,29.53,2025-07-21,2025-06-30
WH002,FUS579,FUS Product 579,1497,373,1124,1688,54,5866,15.99,2025-07-22,2025-07-08
WH003,TNR044,TNR Product 044,4041,322,3719,1433,208,6985,14.09,2025-08-01,2025-08-06
WH002,TNR974,TNR Product 974,682,51,631,947,448,5157,282.76,2025-08-17,2025-06-04
WH006,INK146,INK Product 146,2691,412,2279,604,410,4646,206.49,2025-08-19,2025-05-24
WH006,DRM173,DRM Product 173,194,103,91,1468,367,4038,276.29,2025-08-10,2025-07-16
WH006,TNR699,TNR Product 699,1451,0,1451,1828,92,6462,45.75,2025-08-06,2025-07-10
WH005,PTR893,PTR Product 893,487,5,482,323,490,4421,229.3,2025-07-29,2025-08-13
WH001,PTR114,PTR Product 114,2762,109,2653,1767,418,2499,272.5,2025-08-09,2025-05-28
WH006,TRB451,TRB Product 451,2783,16,2767,897,194,1359,287.01,2025-08-05,2025-08-07
WH004,FUS865,FUS Product 865,1057,237,820,1218,331,1405,279.63,2025-07-29,2025-06-05
WH006,PTR660,PTR Product 660,229,59,170,1364,434,7793,25.32,2025-08-20,2025-06-30
WH003,FUS994,FUS Product 994,2490,395,2095,1477,56,2665,208.86,2025-08-02,2025-08-04
WH001,TRB357,TRB Product 357,1032,480,552,64,499,2757,131.94,2025-08-04,2025-06-02
WH006,TRB066,TRB Product 066,589,277,312,614,370,6025,273.49,2025-07-21,2025-07-22
WH006,PTR902,PTR Product 902,1427,491,936,1117,233,3835,229.42,2025-08-13,2025-07-03
WH006,PTR151,PTR Product 151,374,185,189,794,86,1272,23.43,2025-07-21,2025-06-18
WH005,INK660,INK Product 660,157,101,56,1169,269,7752,166.95,2025-08-18,2025-06-11
WH004,CIR489,CIR Product 489,2152,22,2130,1593,406,2979,298.85,2025-08-04,2025-07-16
WH006,DRM734,DRM Product 734,1784,339,1445,396,341,7949,90.95,2025-08-02,2025-05-22
WH003,FUS022,FUS Product 022,22,12,10,1005,284,4088,229.07,2025-07-24,2025-07-30
WH003,PTR009,PTR Product 009,1785,82,1703,1296,228,7786,9.24,2025-08-05,2025-07-23
WH004,PTR262,PTR Product 262,1065,460,605,801,144,3341,37.09,2025-08-03,2025-07-18
WH002,INK643,INK Product 643,1530,338,1192,1939,343,6754,235.04,2025-08-13,2025-07-22
WH003,PTR877,PTR Product 877,780,35,745,31,427,7450,15.38,2025-08-19,2025-05-29
WH004,INK365,INK Product 365,2001,2,1999,1304,441,5431,169.39,2025-08-07,2025-06-15
WH003,FUS015,FUS Product 015,1240,453,787,1849,109,1724,118.89,2025-08-06,2025-07-22
WH002,INK289,INK Product 289,2740,490,2250,1997,283,3736,227.74,2025-08-02,2025-06-09
WH005,CIR332,CIR Product 332,4633,440,4193,381,94,2400,180.46,2025-08-02,2025-06-26
WH003,DRM405,DRM Product 405,380,118,262,1952,481,2968,129.2,2025-07-26,2025-07-28
WH001,DRM469,DRM Product 469,3031,181,2850,1066,145,1636,81.21,2025-08-06,2025-08-16
WH006,DRM002,DRM Product 002,3644,58,3586,186,460,3820,253.49,2025-08-13,2025-06-10
WH001,DRM194,DRM Product 194,3534,358,3176,1960,136,1810,196.22,2025-08-01,2025-05-27
WH002,TNR362,TNR Product 362,4296,402,3894,254,317,5692,273.49,2025-07-28,2025-08-19
WH006,PTR580,PTR Product 580,773,222,551,217,445,1918,153.91,2025-08-14,2025-06-12
WH003,PTR564,PTR Product 564,4510,41,4469,1495,351,3563,173.27,2025-08-06,2025-05-23
WH004,DRM721,DRM Product 721,771,195,576,1138,314,1364,214.39,2025-07-27,2025-07-07
WH002,CIR548,CIR Product 548,4946,439,4507,442,84,5485,293.84,2025-08-01,2025-07-31
WH005,CIR921,CIR Product 921,1412,411,1001,1042,191,3717,288.65,2025-08-11,2025-08-13
WH006,TNR527,TNR Product 527,1131,86,1045,1479,436,4905,53.77,2025-08-19,2025-07-28
WH005,FUS630,FUS Product 630,2412,274,2138,261,370,7870,293.93,2025-08-16,2025-05-27
WH002,INK259,INK Product 259,726,142,584,570,299,3283,198.51,2025-07-28,2025-08-03
WH001,TNR432,TNR Product 432,2948,295,2653,1233,413,2607,212.11,2025-07-30,2025-08-03
WH006,INK131,INK Product 131,295,106,189,103,191,6852,210.58,2025-08-13,2025-08-03
WH002,CIR510,CIR Product 510,2942,435,2507,1905,115,6697,263.48,2025-08-13,2025-07-03
WH006,FUS043,FUS Product 043,1070,257,813,191,263,3748,266.57,2025-08-07,2025-07-18
WH004,FUS003,FUS Product 003,470,176,294,1464,456,5873,73.85,2025-07-25,2025-06-24
WH004,CIR365,CIR Product 365,3259,462,2797,1197,99,6006,163.95,2025-08-16,2025-08-10
WH006,INK668,INK Product 668,1326,306,1020,183,262,6592,265.73,2025-07-30,2025-08-10
WH004,TRB388,TRB Product 388,4981,20,4961,1762,131,5768,226.22,2025-08-04,2025-07-23
WH001,INK270,INK Product 270,2031,431,1600,1977,429,5433,247.42,2025-08-18,2025-06-01
WH004,MEM167,MEM Product 167,1235,290,945,166,460,2663,282.02,2025-08-07,2025-06-18
WH001,MTR058,MTR Product 058,3005,207,2798,1141,238,7891,128.79,2025-07-22,2025-06-30
WH004,INK393,INK Product 393,1915,358,1557,806,128,1689,173.67,2025-07-26,2025-06-30
WH003,PTR062,PTR Product 062,2483,297,2186,587,448,7251,236.26,2025-08-11,2025-05-28
WH001,CIR989,CIR Product 989,3534,200,3334,402,400,3508,183.76,2025-08-14,2025-07-22
WH005,MEM353,MEM Product 353,69,38,31,1325,359,4087,55.17,2025-08-14,2025-08-03
WH002,MEM138,MEM Product 138,3554,451,3103,1708,110,1724,92.87,2025-08-16,2025-07-18
WH002,MEM682,MEM Product 682,1125,470,655,1697,428,3814,282.6,2025-08-03,2025-05-22
WH003,TRB690,TRB Product 690,1239,51,1188,1390,313,7964,156.88,2025-07-23,2025-08-14
WH005,CIR972,CIR Product 972,4867,486,4381,1407,366,1803,223.52,2025-07-22,2025-06-28
WH002,FUS742,FUS Product 742,2548,464,2084,1680,414,1693,199.45,2025-08-02,2025-05-24
WH004,TRB226,TRB Product 226,1646,286,1360,693,462,2961,266.87,2025-07-28,2025-07-14
WH004,DRM911,DRM Product 911,2995,341,2654,117,236,5355,75.33,2025-08-13,2025-07-17
WH002,INK829,INK Product 829,1973,39,1934,161,411,7835,113.55,2025-07-30,2025-06-13
WH004,MEM029,MEM Product 029,3062,368,2694,546,239,4824,234.83,2025-08-08,2025-05-23
WH005,TRB512,TRB Product 512,2710,407,2303,928,255,5807,215.35,2025-07-28,2025-07-16
WH006,PTR970,PTR Product 970,1633,184,1449,1980,172,4576,114.98,2025-08-05,2025-07-16
WH004,MEM954,MEM Product 954,4871,397,4474,1029,245,7610,24.68,2025-08-14,2025-07-15
WH002,TNR182,TNR Product 182,2811,146,2665,757,61,5386,211.13,2025-08-20,2025-06-07
WH003,TRB521,TRB Product 521,717,417,300,699,144,7229,123.33,2025-08-16,2025-07-09
WH003,MEM407,MEM Product 407,2474,432,2042,914,143,1924,256.9,2025-08-13,2025-08-18
WH004,TRB140,TRB Product 140,1962,188,1774,1591,417,5821,296.26,2025-08-12,2025-07-27
WH004,TNR956,TNR Product 956,2342,26,2316,1367,185,6330,166.06,2025-08-14,2025-07-19
WH002,MEM837,MEM Product 837,953,154,799,1590,212,3530,68.76,2025-07-26,2025-08-12
WH004,MEM226,MEM Product 226,3751,115,3636,213,398,1148,14.81,2025-07-31,2025-05-24
WH006,TNR508,TNR Product 508,4348,420,3928,729,135,2163,279.97,2025-08-18,2025-07-03
WH006,MTR458,MTR Product 458,756,469,287,1909,335,3300,99.58,2025-08-14,2025-07-04
WH006,TRB757,TRB Product 757,1443,221,1222,1821,308,7533,141.42,2025-08-12,2025-05-24
WH006,CIR050,CIR Product 050,921,254,667,397,379,2340,261.68,2025-07-22,2025-05-25
WH001,MTR421,MTR Product 421,2797,448,2349,1519,470,2209,71.42,2025-08-06,2025-06-21
WH004,DRM592,DRM Product 592,3522,204,3318,1396,215,4331,61.35,2025-08-06,2025-08-19
WH001,TRB933,TRB Product 933,507,330,177,1694,73,7252,191.0,2025-08-09,2025-07-31
WH004,MTR065,MTR Product 065,201,94,107,666,382,5252,199.53,2025-08-19,2025-08-15
WH001,DRM496,DRM Product 496,1459,373,1086,262,83,3532,60.76,2025-08-06,2025-05-27
WH002,TNR436,TNR Product 436,216,154,62,616,166,5699,209.53,2025-08-17,2025-07-23
WH004,MTR826,MTR Product 826,711,253,458,336,67,2625,41.75,2025-08-08,2025-06-01
WH003,PTR727,PTR Product 727,1262,265,997,1588,250,2441,272.5,2025-08-20,2025-06-04
WH006,DRM590,DRM Product 590,3970,401,3569,504,226,2047,217.42,2025-07-21,2025-06-02
WH003,FUS932,FUS Product 932,1922,75,1847,346,127,6242,209.8,2025-07-25,2025-06-24
WH002,FUS916,FUS Product 916,4277,308,3969,1245,139,1011,90.46,2025-07-24,2025-06-20
WH006,FUS801,FUS Product 801,2900,115,2785,264,166,4467,131.48,2025-08-04,2025-07-06
WH001,CIR407,CIR Product 407,750,464,286,100,332,4761,19.39,2025-08-15,2025-07-01
WH005,CIR807,CIR Product 807,989,391,598,1035,463,2297,249.94,2025-08-14,2025-07-02
WH001,TNR015,TNR Product 015,4025,63,3962,319,252,1817,110.13,2025-07-24,2025-06-10
WH002,MTR695,MTR Product 695,4589,323,4266,1969,143,6784,32.34,2025-07-24,2025-06-17
WH006,MEM946,MEM Product 946,2147,273,1874,1760,182,7384,124.34,2025-08-14,2025-07-09
WH004,TRB135,TRB Product 135,1189,107,1082,1986,160,6659,294.84,2025-08-16,2025-07-30
WH006,MTR018,MTR Product 018,869,386,483,1244,199,3078,299.15,2025-08-09,2025-06-09
WH006,DRM735,DRM Product 735,1508,91,1417,1503,231,4317,22.8,2025-08-15,2025-06-01
WH003,FUS381,FUS Product 381,403,199,204,496,476,6205,238.35,2025-08-05,2025-07-19
WH001,TNR545,TNR Product 545,454,139,315,812,400,7496,150.57,2025-08-17,2025-07-20
WH001,CIR686,CIR Product 686,2582,117,2465,1754,336,3497,233.01,2025-07-31,2025-06-09
WH003,DRM014,DRM Product 014,587,112,475,1586,247,2429,123.97,2025-08-19,2025-06-15
WH003,MEM235,MEM Product 235,4676,424,4252,1474,292,6380,113.41,2025-08-18,2025-07-10
WH006,TRB810,TRB Product 810,3900,23,3877,740,213,3059,173.18,2025-07-26,2025-07-28
WH006,TNR378,TNR Product 378,708,219,489,1475,187,1589,28.77,2025-07-27,2025-05-25
WH003,PTR439,PTR Product 439,2225,8,2217,1166,393,1748,175.4,2025-08-08,2025-06-05
WH002,PTR462,PTR Product 462,4482,254,4228,732,462,2514,23.69,2025-07-26,2025-08-19
WH002,INK260,INK Product 260,1382,222,1160,1999,131,6461,10.37,2025-08-01,2025-05-28
WH004,TNR140,TNR Product 140,735,76,659,629,87,2653,174.03,2025-07-27,2025-06-25
WH005,MEM474,MEM Product 474,4357,290,4067,1325,282,4325,16.67,2025-07-21,2025-06-14
WH004,FUS076,FUS Product 076,1351,218,1133,1004,297,2895,29.48,2025-08-01,2025-07-27
WH002,CIR668,CIR Product 668,3189,345,2844,1565,64,4771,287.98,2025-07-29,2025-06-07
WH005,MTR637,MTR Product 637,3892,332,3560,1115,265,3886,75.74,2025-07-31,2025-07-24
WH006,TRB208,TRB Product 208,944,308,636,187,372,7307,118.37,2025-08-11,2025-07-26
WH001,MTR689,MTR Product 689,4736,326,4410,685,143,2910,42.65,2025-08-19,2025-07-30
WH001,TNR361,TNR Product 361,192,89,103,995,463,4097,86.04,2025-08-11,2025-06-08
WH006,CIR819,CIR Product 819,2327,245,2082,14,414,1409,6.34,2025-08-07,2025-06-09
WH004,MEM314,MEM Product 314,2532,278,2254,1362,440,4565,151.94,2025-08-11,2025-06-07
WH004,CIR946,CIR Product 946,2535,453,2082,1927,95,4438,245.96,2025-08-08,2025-07-06
WH004,INK264,INK Product 264,2708,16,2692,47,258,3001,109.77,2025-07-29,2025-07-22
WH004,FUS039,FUS Product 039,4823,378,4445,790,189,5628,131.42,2025-08-15,2025-06-21
WH004,TNR113,TNR Product 113,4632,332,4300,733,120,5663,210.6,2025-08-13,2025-07-09
WH002,INK712,INK Product 712,3038,303,2735,954,418,1065,58.69,2025-08-09,2025-08-05
WH002,MTR165,MTR Product 165,3790,211,3579,1381,155,4494,94.1,2025-08-18,2025-07-10
WH005,TRB939,TRB Product 939,4296,317,3979,1740,336,7885,173.55,2025-08-10,2025-06-02
WH004,PTR945,PTR Product 945,2307,211,2096,1346,272,3031,93.76,2025-08-10,2025-07-17
WH003,FUS315,FUS Product 315,2108,402,1706,149,455,3501,185.91,2025-08-08,2025-06-08
WH005,FUS772,FUS Product 772,4976,124,4852,1707,411,3117,87.07,2025-08-06,2025-07-14
WH002,TRB899,TRB Product 899,3358,135,3223,35,319,7218,204.74,2025-07-30,2025-05-22
WH005,DRM150,DRM Product 150,1839,24,1815,1215,218,5100,129.51,2025-08-01,2025-06-19
WH006,FUS590,FUS Product 590,4367,328,4039,1578,317,5772,258.28,2025-08-12,2025-08-07
WH002,DRM107,DRM Product 107,65,57,8,264,81,6662,56.95,2025-07-24,2025-06-19
WH001,CIR335,CIR Product 335,2468,460,2008,1744,315,3848,62.65,2025-07-31,2025-06-28
WH003,PTR484,PTR Product 484,4797,67,4730,1759,448,2029,16.95,2025-08-20,2025-08-14
WH003,TRB581,TRB Product 581,3545,434,3111,623,245,1525,49.61,2025-08-01,2025-07-22
WH005,INK843,INK Product 843,224,36,188,1837,427,3914,37.34,2025-07-27,2025-08-05
WH002,CIR342,CIR Product 342,3223,442,2781,729,320,6791,180.89,2025-08-14,2025-07-08
WH005,PTR644,PTR Product 644,3861,493,3368,4,334,4524,291.42,2025-08-18,2025-06-07
WH005,FUS968,FUS Product 968,563,133,430,1445,234,5526,93.7,2025-08-12,2025-05-22
WH003,MEM398,MEM Product 398,1812,43,1769,148,164,5440,167.9,2025-08-19,2025-07-24
WH003,DRM196,DRM Product 196,3337,80,3257,1910,393,7069,45.9,2025-07-24,2025-07-19
WH002,TRB469,TRB Product 469,2398,93,2305,542,258,2703,198.86,2025-08-20,2025-07-12
WH002,CIR732,CIR Product 732,4746,212,4534,1033,429,6678,204.38,2025-07-30,2025-06-30
WH005,INK034,INK Product 034,4523,405,4118,1846,383,3570,214.95,2025-07-23,2025-08-01
WH005,TRB391,TRB Product 391,4772,491,4281,102,128,7592,198.21,2025-07-31,2025-05-27
WH004,CIR911,CIR Product 911,2343,32,2311,953,184,2542,298.09,2025-08-11,2025-07-24
WH003,INK159,INK Product 159,1870,274,1596,1625,455,7837,113.77,2025-08-19,2025-07-30
WH002,MTR625,MTR Product 625,2296,216,2080,800,223,2484,137.84,2025-08-10,2025-07-30
WH002,FUS137,FUS Product 137,4262,78,4184,1277,456,2915,8.73,2025-08-20,2025-08-02
WH003,MEM588,MEM Product 588,883,110,773,418,499,1081,73.53,2025-08-13,2025-07-25
WH003,MEM480,MEM Product 480,3612,34,3578,1503,404,2006,203.07,2025-08-07,2025-06-22
WH003,INK449,INK Product 449,3496,72,3424,1589,294,5994,185.32,2025-07-27,2025-07-10
WH002,INK178,INK Product 178,2277,328,1949,758,157,1459,28.99,2025-07-23,2025-07-28
WH002,MTR789,MTR Product 789,2116,417,1699,998,137,2925,14.53,2025-08-12,2025-08-03
WH001,DRM554,DRM Product 554,2424,234,2190,139,459,5763,243.98,2025-07-26,2025-08-17
WH001,CIR735,CIR Product 735,1335,490,845,334,388,7529,44.92,2025-08-19,2025-07-03
WH001,CIR834,CIR Product 834,3388,469,2919,1702,182,6411,265.62,2025-08-06,2025-08-06
WH004,CIR329,CIR Product 329,2133,211,1922,216,368,7444,250.72,2025-07-22,2025-07-27
WH003,INK396,INK Product 396,2947,327,2620,1109,166,5397,262.47,2025-08-06,2025-07-31
WH006,CIR645,CIR Product 645,1215,173,1042,1035,496,1525,58.87,2025-08-10,2025-06-04
WH001,PTR395,PTR Product 395,3229,388,2841,1093,194,6837,80.88,2025-08-04,2025-08-01
WH002,CIR256,CIR Product 256,1537,231,1306,1174,443,1625,239.55,2025-08-17,2025-08-03
WH001,TNR049,TNR Product 049,976,271,705,937,312,1343,75.29,2025-08-09,2025-05-23
WH005,MEM827,MEM Product 827,409,342,67,1876,87,4722,257.38,2025-07-24,2025-06-18
WH003,INK818,INK Product 818,1847,306,1541,309,230,1848,178.79,2025-08-01,2025-06-01
WH003,PTR183,PTR Product 183,4900,162,4738,1505,441,1896,151.22,2025-08-15,2025-07-28
WH002,CIR969,CIR Product 969,3176,383,2793,521,177,2804,169.91,2025-08-15,2025-07-30
WH001,PTR878,PTR Product 878,2369,76,2293,295,107,4077,57.78,2025-07-30,2025-07-09
WH006,TRB606,TRB Product 606,3133,435,2698,1962,148,2599,223.56,2025-08-20,2025-05-23
WH005,FUS208,FUS Product 208,2374,150,2224,618,276,7828,11.44,2025-08-04,2025-06-14
WH004,MTR614,MTR Product 614,4752,472,4280,677,56,3219,142.59,2025-07-26,2025-07-29
WH001,PTR629,PTR Product 629,3092,392,2700,1039,400,3861,26.97,2025-07-27,2025-07-10
WH002,CIR509,CIR Product 509,2108,319,1789,1437,143,4254,131.57,2025-07-30,2025-07-24
WH002,PTR425,PTR Product 425,1910,137,1773,378,281,5079,145.39,2025-07-26,2025-07-29
WH002,PTR581,PTR Product 581,1258,8,1250,856,91,4271,108.68,2025-08-18,2025-08-01
WH005,DRM029,DRM Product 029,3021,293,2728,1485,130,2236,180.19,2025-08-17,2025-08-10
WH003,MEM224,MEM Product 224,344,77,267,1211,212,3587,228.68,2025-07-29,2025-06-06
WH004,FUS447,FUS Product 447,2001,237,1764,1368,418,7654,51.32,2025-08-07,2025-07-28
WH005,TRB681,TRB Product 681,1473,21,1452,883,243,1622,104.55,2025-08-12,2025-06-01
WH005,INK662,INK Product 662,4515,173,4342,198,149,2677,218.8,2025-08-13,2025-05-28
WH005,INK045,INK Product 045,2233,293,1940,1094,486,7971,71.98,2025-07-24,2025-07-30
WH001,TNR182,TNR Product 182,1243,48,1195,1945,474,2416,235.93,2025-08-09,2025-07-13
WH005,TNR729,TNR Product 729,3051,275,2776,314,495,4567,165.76,2025-08-03,2025-06-17
WH004,TRB916,TRB Product 916,69,13,56,1563,348,1898,162.06,2025-08-12,2025-06-09
WH005,INK399,INK Product 399,2533,156,2377,1536,118,7858,252.02,2025-08-20,2025-08-14
WH004,DRM584,DRM Product 584,4116,468,3648,1909,304,4622,193.64,2025-08-05,2025-07-19
WH003,MTR336,MTR Product 336,3176,326,2850,822,194,4271,226.18,2025-07-27,2025-08-04
WH005,MEM742,MEM Product 742,1059,111,948,606,387,2476,38.86,2025-08-16,2025-06-25
WH002,DRM077,DRM Product 077,1583,93,1490,35,206,6653,24.8,2025-08-11,2025-07-30
WH005,TRB545,TRB Product 545,1777,407,1370,1991,107,3305,221.42,2025-07-21,2025-06-15
WH005,TNR093,TNR Product 093,3858,441,3417,1259,278,2256,248.65,2025-08-07,2025-06-05
WH005,TRB590,TRB Product 590,4315,49,4266,1334,132,5208,211.29,2025-08-17,2025-06-10
WH001,INK225,INK Product 225,3538,216,3322,839,60,7041,208.32,2025-08-15,2025-08-19
WH001,INK357,INK Product 357,1611,382,1229,330,326,3757,62.85,2025-08-08,2025-07-26
WH001,INK330,INK Product 330,380,167,213,1658,141,3213,77.81,2025-08-04,2025-07-20
WH005,INK958,INK Product 958,2910,283,2627,1411,132,4423,253.67,2025-08-01,2025-07-29
WH006,INK062,INK Product 062,3695,203,3492,1093,407,4540,54.21,2025-08-06,2025-06-25
WH002,FUS182,FUS Product 182,4553,455,4098,423,496,5109,185.16,2025-08-08,2025-05-25
WH002,FUS835,FUS Product 835,3962,208,3754,1843,432,1682,154.65,2025-07-31,2025-08-05
WH006,MTR935,MTR Product 935,3297,90,3207,814,282,1858,78.85,2025-08-03,2025-07-11
WH001,INK997,INK Product 997,609,97,512,317,389,5143,238.57,2025-08-14,2025-07-22
WH006,DRM102,DRM Product 102,4428,434,3994,1040,424,2833,108.69,2025-08-15,2025-06-21
WH006,TNR542,TNR Product 542,3906,166,3740,1450,441,7031,282.64,2025-08-20,2025-06-29
WH004,CIR395,CIR Product 395,778,333,445,88,266,7189,190.96,2025-08-09,2025-06-06
WH002,INK651,INK Product 651,4409,267,4142,205,488,6359,245.08,2025-08-13,2025-08-10
WH005,DRM479,DRM Product 479,4970,227,4743,1958,259,1956,141.42,2025-08-04,2025-05-23
WH001,PTR994,PTR Product 994,4861,214,4647,1186,486,5368,195.11,2025-08-03,2025-05-23
WH003,PTR677,PTR Product 677,4075,91,3984,1504,395,1136,297.25,2025-07-25,2025-07-31
WH006,MEM386,MEM Product 386,3019,356,2663,1952,470,4270,162.95,2025-07-27,2025-07-29
WH005,PTR589,PTR Product 589,771,70,701,662,279,2672,96.56,2025-08-04,2025-06-05
WH005,DRM352,DRM Product 352,2671,114,2557,1233,189,6498,133.93,2025-07-31,2025-08-18
WH004,TRB908,TRB Product 908,1118,296,822,1764,361,1184,136.84,2025-07-31,2025-06-20
WH002,MEM434,MEM Product 434,4835,155,4680,128,441,4587,174.77,2025-08-08,2025-06-18
WH001,MTR004,MTR Product 004,4532,400,4132,1219,284,3514,207.67,2025-08-05,2025-07-18
WH005,PTR703,PTR Product 703,4677,145,4532,830,191,1616,286.35,2025-08-14,2025-06-03
WH005,TRB116,TRB Product 116,3366,236,3130,496,197,7872,140.74,2025-07-21,2025-05-31
WH003,FUS409,FUS Product 409,4763,274,4489,1655,323,1875,299.18,2025-08-11,2025-06-06
WH005,INK272,INK Product 272,2375,161,2214,20,455,5955,54.99,2025-07-31,2025-06-15
WH004,INK335,INK Product 335,1400,60,1340,1711,66,2343,123.14,2025-07-21,2025-06-22
WH001,MEM410,MEM Product 410,2374,283,2091,1232,81,1148,252.91,2025-08-15,2025-07-16
WH005,TRB368,TRB Product 368,4260,53,4207,1577,163,1004,169.54,2025-08-03,2025-06-07
WH005,FUS896,FUS Product 896,337,168,169,988,206,6462,245.54,2025-08-03,2025-07-20
WH005,CIR269,CIR Product 269,868,283,585,711,262,2937,10.27,2025-07-22,2025-06-23
WH003,INK049,INK Product 049,5,1,4,94,397,3825,217.73,2025-07-27,2025-05-25
WH004,TNR607,TNR Product 607,4886,182,4704,1321,154,1141,273.87,2025-07-21,2025-07-05
WH004,TRB100,TRB Product 100,4570,133,4437,1571,339,2569,248.68,2025-08-03,2025-05-26
WH003,MEM460,MEM Product 460,4665,26,4639,1029,439,4930,274.7,2025-07-22,2025-08-17
WH006,TNR544,TNR Product 544,3867,82,3785,848,499,6265,242.26,2025-08-20,2025-08-05
WH006,FUS438,FUS Product 438,3050,454,2596,1408,112,1389,73.88,2025-07-22,2025-07-13
WH003,TRB135,TRB Product 135,4927,304,4623,1921,72,4222,148.27,2025-07-30,2025-07-07
WH004,MTR925,MTR Product 925,3283,419,2864,1877,241,2350,94.45,2025-08-19,2025-07-02
WH002,DRM120,DRM Product 120,2650,466,2184,704,362,5893,134.23,2025-08-05,2025-08-02
WH003,MEM787,MEM Product 787,1460,94,1366,1922,487,2481,42.71,2025-08-20,2025-07-08
WH002,FUS955,FUS Product 955,2415,225,2190,1624,65,3118,152.67,2025-08-05,2025-07-01
WH003,MTR296,MTR Product 296,2667,190,2477,1223,164,5921,134.49,2025-08-15,2025-08-07
WH002,MTR231,MTR Product 231,2560,3,2557,1001,475,1670,291.01,2025-08-11,2025-07-08
WH006,PTR224,PTR Product 224,832,85,747,1436,474,5881,22.56,2025-07-28,2025-07-19
WH004,DRM675,DRM Product 675,1514,484,1030,187,494,1556,279.2,2025-07-27,2025-06-20
WH002,DRM649,DRM Product 649,3795,253,3542,321,267,7327,85.58,2025-07-31,2025-06-11
WH006,FUS633,FUS Product 633,2838,284,2554,657,414,6530,100.43,2025-08-10,2025-07-29
WH002,TRB175,TRB Product 175,2836,71,2765,1459,489,3561,35.8,2025-08-17,2025-06-16
WH003,CIR378,CIR Product 378,688,229,459,136,78,3752,275.36,2025-08-04,2025-05-30
WH001,PTR316,PTR Product 316,4909,47,4862,529,279,4720,96.32,2025-08-05,2025-07-21
WH003,FUS366,FUS Product 366,1156,152,1004,897,497,5332,221.14,2025-07-24,2025-07-13
WH001,CIR122,CIR Product 122,2919,297,2622,614,409,7600,294.1,2025-08-06,2025-07-25
WH003,TRB868,TRB Product 868,4940,104,4836,75,220,2895,149.56,2025-08-03,2025-08-16
WH002,FUS128,FUS Product 128,4340,111,4229,862,92,7451,26.17,2025-08-14,2025-07-20
WH006,MTR941,MTR Product 941,4922,93,4829,874,69,5202,145.47,2025-08-03,2025-07-28
WH005,TNR362,TNR Product 362,1426,245,1181,1112,293,2608,8.82,2025-07-25,2025-06-09
WH004,DRM324,DRM Product 324,512,160,352,371,112,4646,209.29,2025-08-07,2025-07-09
WH006,FUS949,FUS Product 949,2682,373,2309,463,297,7653,242.89,2025-08-04,2025-08-13
WH001,MTR579,MTR Product 579,879,182,697,870,401,4918,61.26,2025-08-12,2025-07-02
WH004,TNR753,TNR Product 753,3925,226,3699,1520,243,2331,180.18,2025-08-08,2025-06-05
WH001,TRB230,TRB Product 230,1719,416,1303,811,119,5814,183.74,2025-08-12,2025-07-02
WH006,MEM269,MEM Product 269,2797,26,2771,1248,350,5711,178.23,2025-08-20,2025-05-23
WH001,TNR050,TNR Product 050,4360,304,4056,1134,224,4929,72.99,2025-08-20,2025-06-12
WH002,PTR168,PTR Product 168,779,360,419,174,326,5869,126.41,2025-08-04,2025-07-13
WH003,DRM667,DRM Product 667,2415,199,2216,567,426,5215,234.27,2025-08-11,2025-06-01
WH006,CIR597,CIR Product 597,3036,224,2812,349,337,4038,248.21,2025-07-23,2025-06-18
WH003,PTR773,PTR Product 773,4259,64,4195,1936,315,7077,38.67,2025-08-02,2025-08-13
WH002,DRM074,DRM Product 074,3613,381,3232,1195,286,6989,164.4,2025-07-30,2025-05-27
WH006,TNR840,TNR Product 840,1127,153,974,1083,326,2536,193.94,2025-07-22,2025-06-23
WH001,CIR015,CIR Product 015,2688,384,2304,1189,320,3451,275.27,2025-08-12,2025-07-08
WH001,TRB814,TRB Product 814,1688,217,1471,1016,439,2309,159.77,2025-08-08,2025-06-14
WH001,TNR187,TNR Product 187,1782,326,1456,60,157,5326,153.81,2025-07-27,2025-06-25
WH005,TNR794,TNR Product 794,671,295,376,503,362,5027,251.27,2025-08-18,2025-07-15
WH003,INK909,INK Product 909,185,158,27,1344,493,7911,217.71,2025-07-31,2025-07-29
WH001,CIR480,CIR Product 480,4727,24,4703,758,211,2210,170.71,2025-08-07,2025-06-26
WH005,FUS227,FUS Product 227,3061,45,3016,1286,474,6382,98.04,2025-08-04,2025-06-12
WH001,CIR985,CIR Product 985,97,85,12,652,149,2036,203.95,2025-08-20,2025-08-04
WH001,FUS807,FUS Product 807,4788,40,4748,21,177,5363,42.93,2025-08-02,2025-06-20
WH003,DRM662,DRM Product 662,2581,178,2403,248,174,6926,131.41,2025-08-02,2025-08-12
WH006,MTR336,MTR Product 336,4382,408,3974,206,488,5114,216.84,2025-08-19,2025-07-14
WH003,INK901,INK Product 901,1111,153,958,434,415,4776,66.73,2025-08-18,2025-07-07
WH006,MTR509,MTR Product 509,1684,194,1490,1551,255,2145,275.0,2025-08-18,2025-07-23
WH006,PTR522,PTR Product 522,4911,205,4706,1163,175,2712,109.84,2025-07-26,2025-06-01
WH001,INK642,INK Product 642,2735,278,2457,658,497,7154,253.41,2025-08-07,2025-08-08
WH003,TRB462,TRB Product 462,2017,44,1973,1332,221,4160,247.19,2025-08-13,2025-06-06
WH004,DRM366,DRM Product 366,2840,404,2436,1796,109,1829,117.66,2025-08-13,2025-06-30
WH006,INK676,INK Product 676,1097,429,668,1040,172,4862,148.92,2025-08-06,2025-08-16
WH002,MTR609,MTR Product 609,3455,392,3063,1331,243,4357,7.37,2025-07-22,2025-07-19
WH003,DRM534,DRM Product 534,673,193,480,1653,180,3100,26.18,2025-07-29,2025-05-24
WH004,TNR036,TNR Product 036,858,319,539,1426,286,3648,192.56,2025-08-14,2025-07-08
WH005,TRB420,TRB Product 420,2175,21,2154,1997,241,2019,17.01,2025-07-30,2025-06-09
WH005,INK139,INK Product 139,4017,109,3908,16,185,2169,149.05,2025-08-14,2025-06-26
WH002,MTR894,MTR Product 894,839,134,705,1297,182,6541,85.54,2025-08-17,2025-06-13
WH005,FUS607,FUS Product 607,2596,406,2190,432,61,5713,127.05,2025-07-26,2025-08-14
WH004,CIR412,CIR Product 412,2130,355,1775,1548,490,6400,258.91,2025-07-31,2025-05-23
WH001,DRM178,DRM Product 178,4142,274,3868,1563,489,3279,281.9,2025-08-04,2025-06-22
WH003,TNR877,TNR Product 877,1942,425,1517,1702,442,3692,164.06,2025-07-23,2025-06-22
WH002,CIR127,CIR Product 127,3715,136,3579,1819,150,1174,194.68,2025-08-07,2025-06-10
WH005,TNR808,TNR Product 808,865,387,478,785,479,7816,247.29,2025-07-27,2025-08-15
WH002,TRB970,TRB Product 970,1706,302,1404,1031,439,5282,270.93,2025-08-04,2025-06-17
WH002,MTR482,MTR Product 482,3630,333,3297,1530,233,5194,71.39,2025-08-13,2025-07-23
WH004,TRB780,TRB Product 780,3890,230,3660,28,474,3056,33.71,2025-07-29,2025-08-18
WH005,INK638,INK Product 638,923,482,441,1948,228,2581,156.71,2025-07-31,2025-06-27
WH001,DRM559,DRM Product 559,1046,202,844,272,228,3166,237.52,2025-08-19,2025-07-17
WH001,DRM884,DRM Product 884,1905,457,1448,174,362,1285,218.89,2025-08-09,2025-06-23
WH004,DRM008,DRM Product 008,2199,388,1811,572,83,1161,22.63,2025-07-29,2025-06-17
WH006,TRB103,TRB Product 103,4628,110,4518,326,188,4041,299.35,2025-08-13,2025-06-10
WH006,TNR061,TNR Product 061,3954,365,3589,1261,208,1809,286.69,2025-07-22,2025-08-01
WH002,TRB558,TRB Product 558,3814,14,3800,1202,423,7024,170.05,2025-08-16,2025-07-01
WH003,MEM210,MEM Product 210,1501,90,1411,764,90,5063,253.53,2025-07-26,2025-08-01
WH002,TRB015,TRB Product 015,2171,426,1745,1822,405,6289,203.98,2025-08-15,2025-06-27
WH001,TNR547,TNR Product 547,422,18,404,394,206,4134,160.59,2025-08-17,2025-05-23
WH004,FUS052,FUS Product 052,3890,6,3884,305,329,4271,137.89,2025-07-31,2025-07-29
WH001,DRM798,DRM Product 798,287,16,271,1217,221,7385,238.96,2025-08-08,2025-06-27
WH006,DRM072,DRM Product 072,4679,184,4495,402,259,5454,177.51,2025-08-20,2025-07-07
WH004,CIR620,CIR Product 620,2564,15,2549,122,99,5054,77.55,2025-08-10,2025-06-08
WH001,INK818,INK Product 818,3779,110,3669,1260,286,1732,61.7,2025-07-27,2025-08-15
WH006,CIR176,CIR Product 176,1312,47,1265,223,154,5428,245.01,2025-08-02,2025-08-14
WH006,MTR484,MTR Product 484,619,335,284,798,303,2167,60.57,2025-08-20,2025-07-18
WH003,TRB762,TRB Product 762,3338,405,2933,229,303,1908,173.42,2025-08-03,2025-08-11
WH004,INK466,INK Product 466,2103,156,1947,501,258,1440,295.07,2025-08-16,2025-07-22
WH003,TRB878,TRB Product 878,1079,94,985,738,123,1760,196.49,2025-08-20,2025-08-01
WH003,DRM220,DRM Product 220,4814,138,4676,1546,92,2162,286.57,2025-07-22,2025-05-26
WH006,INK598,INK Product 598,2224,156,2068,1519,471,4654,240.55,2025-08-05,2025-07-27
WH004,INK214,INK Product 214,1496,215,1281,1313,370,3892,98.84,2025-08-13,2025-08-03
WH004,MEM081,MEM Product 081,3814,308,3506,1675,203,6899,169.8,2025-07-30,2025-08-02
WH003,PTR848,PTR Product 848,2941,299,2642,1106,229,1917,118.38,2025-08-16,2025-08-06
WH001,TNR328,TNR Product 328,4399,297,4102,1888,480,1744,56.18,2025-08-07,2025-06-11
WH004,TRB751,TRB Product 751,4969,410,4559,1097,261,3091,146.81,2025-08-07,2025-06-15
WH006,MEM130,MEM Product 130,1752,237,1515,776,80,1079,153.05,2025-08-12,2025-07-11
WH004,TRB025,TRB Product 025,4187,383,3804,472,274,7724,199.25,2025-08-18,2025-06-08
WH001,INK503,INK Product 503,2388,317,2071,1733,340,2070,31.2,2025-08-11,2025-08-14
WH001,MEM585,MEM Product 585,4334,477,3857,1687,443,2651,121.54,2025-07-21,2025-05-31
WH002,FUS805,FUS Product 805,2670,117,2553,570,326,3203,155.89,2025-08-12,2025-06-23
WH001,MTR162,MTR Product 162,960,114,846,1175,320,4360,99.65,2025-08-07,2025-07-27
WH002,INK173,INK Product 173,540,85,455,408,430,6954,150.54,2025-07-21,2025-08-01
WH001,PTR925,PTR Product 925,2693,0,2693,1799,156,7237,70.02,2025-08-19,2025-08-17
WH001,MTR532,MTR Product 532,3087,127,2960,1624,199,7093,216.0,2025-08-08,2025-06-22
WH002,TNR627,TNR Product 627,39,0,39,1057,316,5683,231.82,2025-08-02,2025-08-08
WH001,TRB122,TRB Product 122,3327,408,2919,5,61,5748,286.74,2025-07-24,2025-08-08
WH004,DRM841,DRM Product 841,1925,71,1854,1403,303,2651,280.53,2025-07-28,2025-06-06
WH006,MTR968,MTR Product 968,4728,372,4356,941,428,6868,187.62,2025-08-08,2025-08-18
WH005,PTR308,PTR Product 308,4450,431,4019,1947,92,8000,260.77,2025-08-03,2025-06-26
WH004,TRB398,TRB Product 398,2006,20,1986,103,61,5888,245.88,2025-08-02,2025-06-15
WH003,FUS256,FUS Product 256,3559,60,3499,1823,99,6922,251.49,2025-07-21,2025-06-23
WH001,TNR536,TNR Product 536,697,162,535,189,389,5949,169.25,2025-08-09,2025-05-23
WH003,PTR514,PTR Product 514,1159,388,771,1174,462,3531,50.11,2025-08-20,2025-07-26
WH006,TRB825,TRB Product 825,98,8,90,743,154,3653,230.21,2025-08-12,2025-06-28
WH004,INK458,INK Product 458,2634,192,2442,1932,344,5974,181.58,2025-08-11,2025-06-06
WH006,TRB884,TRB Product 884,3313,221,3092,904,125,6866,21.77,2025-08-19,2025-06-10
WH002,TRB903,TRB Product 903,131,35,96,1446,444,5416,273.6,2025-07-29,2025-06-16
WH002,DRM669,DRM Product 669,1822,262,1560,914,355,7283,90.95,2025-08-20,2025-07-31
WH004,DRM035,DRM Product 035,4348,177,4171,1025,85,5070,83.04,2025-08-10,2025-08-02
WH004,FUS809,FUS Product 809,2936,326,2610,1988,148,4371,97.59,2025-07-21,2025-07-22
WH003,CIR018,CIR Product 018,68,37,31,178,131,6077,33.83,2025-07-27,2025-06-09
WH002,MTR719,MTR Product 719,2719,54,2665,1124,109,6624,129.08,2025-08-18,2025-05-31
WH002,PTR355,PTR Product 355,4624,9,4615,587,390,4256,39.63,2025-08-19,2025-08-12
WH004,DRM225,DRM Product 225,453,135,318,873,259,1192,21.8,2025-08-16,2025-06-09
WH002,MTR147,MTR Product 147,3754,44,3710,60,95,6926,264.41,2025-07-22,2025-07-28
WH002,DRM582,DRM Product 582,3499,35,3464,718,95,2024,14.62,2025-07-23,2025-07-17
WH005,PTR012,PTR Product 012,4077,376,3701,879,272,7155,101.57,2025-07-21,2025-07-17
WH003,MEM743,MEM Product 743,376,156,220,1341,140,2182,293.66,2025-08-07,2025-07-22
WH006,TRB393,TRB Product 393,206,27,179,1273,95,3727,75.55,2025-08-09,2025-06-17
WH006,FUS988,FUS Product 988,2532,251,2281,1731,126,3125,75.04,2025-08-03,2025-06-27
WH001,CIR420,CIR Product 420,4380,86,4294,334,212,7200,35.85,2025-07-30,2025-08-03
WH004,DRM404,DRM Product 404,3711,1,3710,1043,250,7941,128.97,2025-07-26,2025-07-01
WH003,MEM976,MEM Product 976,1250,438,812,266,191,1627,287.17,2025-08-01,2025-06-24
WH004,MTR453,MTR Product 453,4183,438,3745,1729,188,7472,189.31,2025-08-05,2025-06-21
WH001,DRM593,DRM Product 593,492,327,165,425,235,1123,16.72,2025-07-22,2025-08-06
WH005,TRB513,TRB Product 513,4633,247,4386,617,124,2028,75.17,2025-07-24,2025-07-16
WH002,TRB055,TRB Product 055,2516,371,2145,858,499,7053,227.64,2025-08-03,2025-07-31
WH001,DRM089,DRM Product 089,2754,404,2350,1304,271,7909,80.31,2025-07-28,2025-07-05
WH002,PTR263,PTR Product 263,4709,402,4307,352,58,4274,200.01,2025-08-12,2025-07-14
WH006,TNR785,TNR Product 785,1013,51,962,1373,413,6017,150.95,2025-08-14,2025-06-11
WH005,TNR544,TNR Product 544,1202,237,965,510,51,6477,132.13,2025-08-11,2025-07-22
WH003,TRB513,TRB Product 513,4118,412,3706,366,420,1530,161.29,2025-08-12,2025-06-05
WH004,MTR024,MTR Product 024,3319,207,3112,531,493,7341,11.37,2025-07-24,2025-08-07
WH001,INK187,INK Product 187,746,82,664,1669,499,4039,97.42,2025-07-30,2025-07-15
WH001,DRM254,DRM Product 254,240,30,210,1450,255,1417,97.41,2025-07-28,2025-06-13
WH004,INK844,INK Product 844,1963,254,1709,291,101,6845,220.6,2025-07-24,2025-06-16
WH004,INK060,INK Product 060,1659,83,1576,127,407,2651,36.87,2025-08-06,2025-06-10
WH005,INK083,INK Product 083,732,413,319,565,66,1108,67.69,2025-07-22,2025-06-20
WH001,FUS110,FUS Product 110,4066,382,3684,202,351,7739,143.18,2025-07-31,2025-06-09
WH004,INK800,INK Product 800,859,452,407,1290,437,4178,265.92,2025-08-16,2025-07-05
WH006,INK740,INK Product 740,4156,132,4024,201,347,6308,89.75,2025-07-31,2025-06-21
WH005,PTR889,PTR Product 889,2987,471,2516,19,371,1986,28.64,2025-07-21,2025-06-24
WH003,FUS346,FUS Product 346,4342,84,4258,1446,111,1185,144.92,2025-08-15,2025-06-09
WH005,CIR536,CIR Product 536,28,15,13,281,449,4833,182.02,2025-08-19,2025-07-21
WH004,TNR969,TNR Product 969,3403,54,3349,873,64,5526,208.93,2025-08-17,2025-06-02
WH004,DRM133,DRM Product 133,1661,346,1315,1220,500,7210,178.89,2025-08-08,2025-07-18
WH004,CIR794,CIR Product 794,988,274,714,405,298,3775,252.22,2025-08-19,2025-06-23
WH004,MTR885,MTR Product 885,868,460,408,1849,53,2491,240.68,2025-08-03,2025-08-18
WH006,MTR376,MTR Product 376,2882,238,2644,1775,306,1257,10.32,2025-07-31,2025-07-18
WH006,TRB199,TRB Product 199,1105,109,996,1794,252,2525,53.7,2025-07-25,2025-08-04
WH004,INK809,INK Product 809,3149,308,2841,1369,440,4132,168.13,2025-07-24,2025-06-22
WH003,MEM683,MEM Product 683,3867,10,3857,796,460,4624,206.57,2025-08-09,2025-08-11
WH004,TNR252,TNR Product 252,4735,435,4300,1872,236,6709,226.07,2025-07-23,2025-08-01
WH001,PTR057,PTR Product 057,945,429,516,832,202,7745,48.68,2025-08-18,2025-08-19
WH004,INK223,INK Product 223,1618,186,1432,95,466,6314,159.66,2025-08-12,2025-07-30
WH003,FUS720,FUS Product 720,921,317,604,1102,493,2819,175.89,2025-08-11,2025-06-11
WH003,MTR068,MTR Product 068,1805,12,1793,20,204,1877,223.14,2025-08-01,2025-08-10
WH001,PTR879,PTR Product 879,1872,23,1849,301,101,4017,274.0,2025-08-08,2025-06-20
WH006,PTR782,PTR Product 782,4506,198,4308,1430,198,4311,215.59,2025-08-13,2025-07-21
WH006,PTR239,PTR Product 239,2538,281,2257,185,97,1025,101.79,2025-07-25,2025-08-04
WH003,CIR431,CIR Product 431,2126,393,1733,318,301,5141,247.15,2025-08-02,2025-06-26
WH001,PTR484,PTR Product 484,2021,282,1739,690,214,7098,230.88,2025-07-24,2025-08-05
WH001,CIR930,CIR Product 930,4036,168,3868,1653,100,2097,74.85,2025-08-09,2025-06-08
WH004,MTR101,MTR Product 101,2796,185,2611,531,129,4083,257.09,2025-07-31,2025-08-14
WH006,CIR165,CIR Product 165,1860,375,1485,785,59,2257,92.91,2025-08-11,2025-06-25
WH006,PTR791,PTR Product 791,2295,216,2079,1583,286,4838,47.55,2025-08-09,2025-08-11
WH004,TNR028,TNR Product 028,3773,104,3669,125,473,5096,142.36,2025-08-09,2025-07-01
WH003,CIR545,CIR Product 545,1883,246,1637,1361,420,1501,69.64,2025-08-05,2025-07-10
WH003,FUS543,FUS Product 543,130,47,83,1819,276,3428,247.46,2025-07-25,2025-07-12
WH005,PTR723,PTR Product 723,3760,343,3417,370,246,1408,53.62,2025-08-15,2025-07-08
WH003,MEM702,MEM Product 702,4326,206,4120,302,280,2523,169.16,2025-07-25,2025-07-12
WH001,CIR427,CIR Product 427,3511,128,3383,278,55,4648,197.88,2025-08-08,2025-05-24
WH002,DRM490,DRM Product 490,553,440,113,1709,411,2691,283.26,2025-08-14,2025-06-10
WH004,CIR428,CIR Product 428,1133,183,950,1236,114,2784,268.57,2025-08-07,2025-06-16
WH004,INK417,INK Product 417,247,204,43,539,314,5287,298.12,2025-08-02,2025-05-25
WH002,DRM059,DRM Product 059,2741,399,2342,758,448,2927,82.34,2025-08-09,2025-08-16
WH006,MTR967,MTR Product 967,4947,395,4552,296,292,2638,175.84,2025-07-28,2025-08-09
WH003,CIR440,CIR Product 440,2108,397,1711,18,210,2571,206.44,2025-07-28,2025-07-09
WH004,CIR060,CIR Product 060,3880,256,3624,1219,287,5094,214.93,2025-08-09,2025-07-18
WH002,MEM871,MEM Product 871,630,300,330,1442,491,1226,76.91,2025-07-26,2025-06-13
WH003,DRM866,DRM Product 866,1482,244,1238,430,490,4296,226.37,2025-08-16,2025-06-22
WH006,FUS185,FUS Product 185,488,361,127,360,139,6271,49.27,2025-08-17,2025-08-06
WH001,CIR851,CIR Product 851,3039,333,2706,1816,300,4489,184.37,2025-07-21,2025-06-18
WH001,MEM169,MEM Product 169,468,399,69,603,130,6052,265.6,2025-08-09,2025-08-05
WH003,TRB858,TRB Product 858,4525,206,4319,1181,333,2906,15.51,2025-08-15,2025-08-06
WH004,INK213,INK Product 213,4788,438,4350,1651,141,2533,14.69,2025-08-15,2025-06-28
WH005,MTR015,MTR Product 015,783,455,328,545,144,6559,122.86,2025-08-05,2025-08-10
WH001,MEM560,MEM Product 560,207,18,189,922,287,7221,11.67,2025-08-14,2025-08-09
WH004,FUS457,FUS Product 457,322,175,147,1403,55,1269,91.6,2025-08-14,2025-07-24
WH002,MEM856,MEM Product 856,3758,93,3665,519,193,4086,175.8,2025-07-24,2025-08-05
WH004,DRM577,DRM Product 577,2282,400,1882,908,271,2979,275.26,2025-08-20,2025-06-11
WH002,INK760,INK Product 760,3257,387,2870,1903,216,3130,23.88,2025-07-23,2025-07-06
WH005,MTR333,MTR Product 333,890,357,533,1236,162,7047,183.78,2025-08-16,2025-06-21
WH006,DRM777,DRM Product 777,4040,92,3948,1107,490,1712,53.05,2025-08-02,2025-08-04
WH004,FUS357,FUS Product 357,391,152,239,1996,445,5613,246.22,2025-08-19,2025-08-03
WH004,MEM464,MEM Product 464,3236,330,2906,678,471,2406,139.35,2025-08-15,2025-06-10
WH006,TRB365,TRB Product 365,1682,301,1381,1001,185,6107,226.17,2025-08-02,2025-07-03
WH001,CIR741,CIR Product 741,4,4,0,1759,329,4562,94.59,2025-08-20,2025-06-27
WH006,CIR373,CIR Product 373,3381,433,2948,1783,61,2389,19.1,2025-08-20,2025-05-26
WH006,TNR579,TNR Product 579,1407,304,1103,95,134,2525,232.85,2025-07-23,2025-07-03
WH003,FUS635,FUS Product 635,266,143,123,530,327,5689,274.67,2025-08-02,2025-07-22
WH002,DRM357,DRM Product 357,1576,126,1450,422,138,1053,287.47,2025-08-13,2025-07-05
WH001,INK158,INK Product 158,3065,463,2602,1335,462,3714,107.14,2025-08-19,2025-08-05
WH005,FUS346,FUS Product 346,2323,168,2155,1630,417,6594,269.84,2025-08-13,2025-06-29
WH005,MTR833,MTR Product 833,4541,413,4128,1147,195,6694,236.3,2025-08-01,2025-07-26
WH002,FUS897,FUS Product 897,1328,150,1178,1740,176,4228,276.22,2025-08-02,2025-06-26
WH002,INK832,INK Product 832,4402,13,4389,710,338,7116,223.67,2025-07-31,2025-07-21
WH001,DRM852,DRM Product 852,2207,385,1822,553,96,2324,264.62,2025-08-19,2025-06-24
WH003,MEM321,MEM Product 321,4924,314,4610,274,78,1965,47.93,2025-07-21,2025-06-17
WH004,FUS078,FUS Product 078,3941,235,3706,632,351,4044,87.68,2025-08-18,2025-08-18
WH004,DRM610,DRM Product 610,2197,328,1869,190,339,2664,271.09,2025-08-10,2025-06-01
WH001,DRM186,DRM Product 186,3240,228,3012,155,409,2876,35.35,2025-08-09,2025-07-21
WH006,MEM132,MEM Product 132,3469,437,3032,1947,190,4878,99.63,2025-07-30,2025-06-15
WH006,MEM258,MEM Product 258,3138,52,3086,1837,122,6744,13.46,2025-08-01,2025-06-26
WH001,CIR829,CIR Product 829,1872,13,1859,9,342,5858,52.54,2025-07-28,2025-06-12
WH003,PTR896,PTR Product 896,1125,138,987,125,147,2361,213.3,2025-08-18,2025-07-05
WH006,FUS881,FUS Product 881,2718,181,2537,20,212,1770,85.64,2025-07-28,2025-08-02
WH001,TNR307,TNR Product 307,1947,341,1606,1723,75,5238,256.29,2025-08-05,2025-06-05
WH004,DRM268,DRM Product 268,3818,309,3509,1994,114,4066,209.56,2025-08-12,2025-08-03
WH002,TNR514,TNR Product 514,4466,120,4346,1450,469,3083,190.71,2025-07-30,2025-07-09
WH006,MTR811,MTR Product 811,896,302,594,369,426,1060,94.93,2025-08-03,2025-06-19
WH004,INK442,INK Product 442,4036,324,3712,782,474,5706,64.28,2025-08-14,2025-07-20
WH002,MTR441,MTR Product 441,2902,48,2854,733,496,6058,283.16,2025-08-15,2025-07-07
WH004,MTR682,MTR Product 682,2374,491,1883,887,190,1469,265.72,2025-08-10,2025-05-30
WH005,PTR753,PTR Product 753,4319,271,4048,393,474,7052,165.19,2025-07-27,2025-07-09
WH006,MEM728,MEM Product 728,3914,69,3845,828,453,2408,11.28,2025-08-04,2025-07-16
WH004,CIR129,CIR Product 129,4788,398,4390,344,235,3499,277.64,2025-07-24,2025-05-30
WH003,PTR083,PTR Product 083,4797,200,4597,345,334,2302,56.74,2025-07-24,2025-07-06
WH002,PTR747,PTR Product 747,3323,86,3237,1550,203,4663,56.59,2025-08-07,2025-07-26
WH005,TRB902,TRB Product 902,1476,330,1146,26,96,7972,284.04,2025-07-26,2025-07-30
WH002,TRB090,TRB Product 090,2354,291,2063,1174,139,5866,9.35,2025-08-20,2025-06-03
WH006,MEM404,MEM Product 404,1394,425,969,1420,277,1325,45.5,2025-08-08,2025-08-19
WH001,PTR441,PTR Product 441,1590,94,1496,136,294,7848,89.79,2025-08-19,2025-08-17
WH006,FUS630,FUS Product 630,613,25,588,1510,439,1691,175.02,2025-08-13,2025-07-03
WH002,MTR635,MTR Product 635,1455,68,1387,328,202,7851,142.31,2025-08-18,2025-06-05
WH002,MEM873,MEM Product 873,47,44,3,95,264,1174,279.93,2025-08-16,2025-06-21
WH004,INK329,INK Product 329,3276,143,3133,819,106,6612,226.01,2025-07-25,2025-08-12
WH004,MEM892,MEM Product 892,1063,200,863,576,161,6805,160.55,2025-07-21,2025-07-05
WH001,INK587,INK Product 587,2667,116,2551,948,138,2637,85.77,2025-08-18,2025-06-24
WH004,DRM878,DRM Product 878,1826,344,1482,227,155,2623,237.22,2025-08-17,2025-08-18
WH006,TRB290,TRB Product 290,763,494,269,891,203,2124,281.97,2025-07-29,2025-08-07
WH004,PTR283,PTR Product 283,2356,59,2297,1874,433,2610,141.16,2025-08-06,2025-06-20
WH006,MEM536,MEM Product 536,2965,244,2721,1947,265,7160,15.29,2025-07-24,2025-05-23
WH002,TRB619,TRB Product 619,2394,92,2302,1277,73,7707,87.56,2025-08-07,2025-08-11
WH004,PTR879,PTR Product 879,2786,51,2735,1047,331,4615,11.8,2025-08-18,2025-06-17
WH005,FUS177,FUS Product 177,2455,357,2098,374,71,2381,90.38,2025-08-13,2025-06-24
WH003,TRB791,TRB Product 791,2189,39,2150,1574,304,2378,70.38,2025-08-09,2025-06-26
WH003,FUS514,FUS Product 514,3184,293,2891,523,279,5671,229.68,2025-08-20,2025-07-29
WH003,TRB792,TRB Product 792,4391,189,4202,1526,165,4100,253.56,2025-08-16,2025-06-27
WH005,INK288,INK Product 288,3830,88,3742,405,314,4554,221.77,2025-08-12,2025-08-11
WH006,INK981,INK Product 981,26,19,7,694,166,5103,263.06,2025-07-31,2025-07-10
WH004,TRB179,TRB Product 179,748,200,548,1487,192,2920,100.45,2025-08-02,2025-06-03
WH001,INK596,INK Product 596,1805,244,1561,1092,89,3145,203.55,2025-08-19,2025-07-11
WH004,MEM755,MEM Product 755,768,150,618,454,283,5138,287.11,2025-08-04,2025-07-17
WH003,FUS469,FUS Product 469,419,202,217,1490,242,1674,165.41,2025-08-06,2025-05-28
WH003,MEM263,MEM Product 263,3392,434,2958,957,117,6565,263.78,2025-07-27,2025-07-21
WH004,MTR947,MTR Product 947,550,188,362,1349,202,6685,31.61,2025-08-09,2025-06-14
WH006,INK961,INK Product 961,489,76,413,927,293,6699,55.07,2025-07-25,2025-08-05
WH001,MTR316,MTR Product 316,2740,20,2720,1428,282,6323,253.32,2025-08-03,2025-07-01
WH001,TRB242,TRB Product 242,2976,210,2766,1541,269,1272,105.2,2025-08-19,2025-07-21
WH006,FUS455,FUS Product 455,2187,468,1719,870,353,5171,78.21,2025-08-20,2025-06-30
WH004,CIR682,CIR Product 682,1728,11,1717,1674,257,4858,212.04,2025-07-23,2025-08-04
WH005,DRM188,DRM Product 188,1502,215,1287,840,489,4894,273.89,2025-07-31,2025-07-15
WH001,INK790,INK Product 790,4193,231,3962,1040,381,5153,132.68,2025-08-14,2025-06-16
WH003,INK397,INK Product 397,3856,384,3472,420,343,4397,66.07,2025-07-30,2025-07-29
WH006,MTR711,MTR Product 711,4126,387,3739,986,254,1197,224.11,2025-08-10,2025-05-30
WH003,INK865,INK Product 865,2479,292,2187,282,121,7786,40.67,2025-08-06,2025-08-12
WH003,MTR433,MTR Product 433,636,279,357,1770,255,6593,218.64,2025-08-20,2025-06-28
WH004,FUS192,FUS Product 192,501,390,111,142,255,7250,53.87,2025-07-22,2025-05-25
WH001,CIR197,CIR Product 197,4753,297,4456,363,442,7856,155.63,2025-08-01,2025-08-09
WH006,MTR953,MTR Product 953,1308,251,1057,245,337,2260,129.08,2025-08-10,2025-07-24
WH002,CIR093,CIR Product 093,3748,377,3371,1872,53,5373,130.32,2025-07-25,2025-07-11
WH005,TRB176,TRB Product 176,3319,300,3019,597,130,1247,66.63,2025-07-29,2025-06-05
WH005,FUS996,FUS Product 996,713,345,368,1579,171,3677,94.92,2025-07-31,2025-06-04
WH006,INK116,INK Product 116,2312,183,2129,1587,339,6001,293.64,2025-08-06,2025-08-16
WH004,DRM066,DRM Product 066,2785,419,2366,1103,274,2555,6.58,2025-08-12,2025-06-03
WH005,DRM982,DRM Product 982,2224,118,2106,1149,312,7082,234.07,2025-07-30,2025-07-19
WH001,DRM802,DRM Product 802,617,238,379,1484,325,1914,127.79,2025-08-04,2025-08-19
WH004,MEM977,MEM Product 977,2220,339,1881,454,397,1933,107.05,2025-07-31,2025-06-13
WH005,INK106,INK Product 106,3109,333,2776,1742,179,7327,176.78,2025-07-28,2025-05-27
WH002,MTR096,MTR Product 096,2691,0,2691,409,279,7346,19.63,2025-08-05,2025-08-13
WH005,DRM423,DRM Product 423,2444,21,2423,913,500,1392,65.84,2025-08-04,2025-05-31
WH005,INK531,INK Product 531,537,232,305,326,255,2230,161.43,2025-08-01,2025-06-27
WH005,DRM667,DRM Product 667,2424,426,1998,612,481,5313,101.91,2025-07-21,2025-08-16
WH006,INK469,INK Product 469,1206,264,942,1039,387,5746,289.98,2025-07-21,2025-06-08
WH002,CIR647,CIR Product 647,2257,45,2212,154,264,5422,6.63,2025-07-22,2025-06-05
WH006,TNR737,TNR Product 737,4913,452,4461,1831,247,1902,56.41,2025-08-05,2025-06-29
WH004,DRM016,DRM Product 016,4566,16,4550,1086,118,7886,10.91,2025-08-01,2025-08-04
WH004,INK651,INK Product 651,1435,472,963,862,149,6509,270.99,2025-08-12,2025-07-15
WH003,FUS334,FUS Product 334,4873,195,4678,1290,383,2506,194.72,2025-08-10,2025-06-14
WH006,CIR922,CIR Product 922,48,5,43,365,55,7027,225.43,2025-07-26,2025-05-27
WH006,DRM306,DRM Product 306,1329,336,993,1795,241,2760,125.89,2025-08-20,2025-06-06
WH001,DRM980,DRM Product 980,1825,234,1591,745,177,1073,59.69,2025-07-22,2025-07-16
WH005,CIR415,CIR Product 415,481,127,354,1249,242,6316,229.74,2025-08-20,2025-08-03
WH003,FUS385,FUS Product 385,2607,68,2539,1729,441,6650,96.64,2025-08-09,2025-07-05
WH002,MEM262,MEM Product 262,4106,385,3721,162,408,5364,245.64,2025-07-26,2025-07-03
WH003,INK995,INK Product 995,1991,447,1544,819,473,6748,85.95,2025-07-23,2025-06-15
WH005,DRM122,DRM Product 122,2885,447,2438,1468,341,4700,299.42,2025-08-13,2025-06-14
WH003,TRB962,TRB Product 962,3277,210,3067,311,151,2041,73.85,2025-08-19,2025-07-02
WH004,CIR619,CIR Product 619,4333,208,4125,581,349,1603,44.02,2025-08-02,2025-07-11
WH005,CIR992,CIR Product 992,1426,69,1357,1532,75,3101,60.67,2025-08-04,2025-07-01
WH002,DRM985,DRM Product 985,3364,288,3076,1269,115,1090,118.84,2025-08-08,2025-08-10
WH004,MEM182,MEM Product 182,1549,456,1093,706,243,5999,295.66,2025-07-22,2025-06-04
WH006,DRM603,DRM Product 603,4941,405,4536,1948,425,5490,78.89,2025-08-10,2025-06-10
WH006,CIR886,CIR Product 886,3275,284,2991,1054,287,6817,151.65,2025-08-01,2025-07-27
WH003,MEM013,MEM Product 013,2466,62,2404,505,180,5302,56.75,2025-08-04,2025-07-18
WH005,FUS098,FUS Product 098,2681,102,2579,1235,320,7111,61.73,2025-07-27,2025-06-04
WH001,DRM130,DRM Product 130,3296,5,3291,60,52,1544,91.13,2025-08-19,2025-05-28
WH006,CIR953,CIR Product 953,3267,75,3192,1720,365,6934,225.61,2025-08-18,2025-07-11
WH006,FUS874,FUS Product 874,276,145,131,1497,338,1579,70.0,2025-08-17,2025-08-17
WH002,MTR832,MTR Product 832,4709,253,4456,658,127,6206,254.01,2025-08-05,2025-08-03
WH001,MTR446,MTR Product 446,2680,426,2254,1374,246,3434,52.96,2025-07-26,2025-05-26
WH006,DRM304,DRM Product 304,93,42,51,1271,413,6316,50.48,2025-08-04,2025-07-27
WH002,PTR852,PTR Product 852,1901,15,1886,1167,298,4494,131.85,2025-07-21,2025-08-06
WH005,TRB573,TRB Product 573,3282,64,3218,1874,341,7777,234.37,2025-07-22,2025-08-15
WH006,PTR412,PTR Product 412,4374,67,4307,1800,52,1697,145.3,2025-08-09,2025-07-19
WH006,INK460,INK Product 460,3346,209,3137,205,319,4527,174.12,2025-08-05,2025-07-31
WH006,TRB870,TRB Product 870,55,19,36,507,457,3517,150.27,2025-08-17,2025-07-30
WH003,FUS988,FUS Product 988,594,336,258,397,296,6410,187.88,2025-07-24,2025-06-29
WH001,INK054,INK Product 054,4064,250,3814,1015,150,6262,55.84,2025-08-05,2025-07-06
WH001,FUS430,FUS Product 430,705,387,318,1178,440,6433,58.72,2025-08-19,2025-08-01
WH006,PTR854,PTR Product 854,4782,305,4477,1479,86,5839,64.28,2025-08-05,2025-07-26
WH002,CIR042,CIR Product 042,1555,152,1403,1498,144,7638,92.4,2025-08-11,2025-07-15
WH004,TRB564,TRB Product 564,4988,0,4988,1596,188,5041,132.78,2025-08-06,2025-06-12
WH004,DRM794,DRM Product 794,1847,161,1686,134,52,6667,252.05,2025-08-07,2025-07-09
WH001,TNR806,TNR Product 806,3860,322,3538,69,402,5565,256.87,2025-08-09,2025-08-08
WH004,FUS985,FUS Product 985,1363,442,921,1102,353,3843,29.06,2025-08-09,2025-07-01
WH002,TRB038,TRB Product 038,4956,416,4540,150,335,7510,110.07,2025-08-20,2025-07-06
WH003,MTR760,MTR Product 760,647,373,274,1508,463,1781,100.35,2025-07-25,2025-06-23
WH003,TRB736,TRB Product 736,3214,342,2872,749,177,5933,201.91,2025-07-22,2025-06-30
WH001,CIR841,CIR Product 841,3873,1,3872,103,195,1092,178.81,2025-07-23,2025-08-18
WH006,TRB327,TRB Product 327,2553,60,2493,1105,191,1150,298.36,2025-08-13,2025-06-03
WH006,MTR154,MTR Product 154,1459,41,1418,1647,326,1197,206.2,2025-08-02,2025-07-02
WH004,DRM786,DRM Product 786,326,122,204,1052,240,7723,165.92,2025-08-08,2025-05-24
WH003,INK676,INK Product 676,3643,273,3370,1106,56,2241,121.16,2025-08-15,2025-06-03
WH006,PTR093,PTR Product 093,3130,144,2986,1417,273,6810,182.48,2025-07-24,2025-07-24
WH006,FUS351,FUS Product 351,3420,67,3353,409,78,2555,183.83,2025-08-06,2025-07-12
WH003,INK516,INK Product 516,4155,460,3695,109,440,7296,253.08,2025-08-05,2025-08-14
WH005,MTR495,MTR Product 495,348,305,43,344,71,6566,216.39,2025-08-01,2025-05-22
WH005,TNR554,TNR Product 554,2311,443,1868,455,90,1752,64.7,2025-07-24,2025-08-01
WH004,MEM103,MEM Product 103,788,171,617,1100,191,5534,105.51,2025-08-19,2025-07-07
WH002,MEM247,MEM Product 247,1527,336,1191,244,107,5866,198.91,2025-08-19,2025-07-13
WH004,DRM151,DRM Product 151,148,80,68,462,357,4853,205.36,2025-08-05,2025-06-19
WH003,PTR729,PTR Product 729,2281,151,2130,983,421,6719,287.81,2025-08-19,2025-06-12
WH006,DRM941,DRM Product 941,1611,40,1571,908,434,1520,91.04,2025-07-28,2025-08-10
WH005,PTR747,PTR Product 747,1997,295,1702,557,265,7493,148.85,2025-08-08,2025-06-28
WH002,MEM185,MEM Product 185,2033,167,1866,1439,438,5720,116.51,2025-08-20,2025-07-04
WH002,INK142,INK Product 142,3148,37,3111,1515,323,3467,10.82,2025-08-09,2025-06-18
WH005,CIR007,CIR Product 007,1770,464,1306,795,314,4287,20.23,2025-07-22,2025-08-13
WH004,FUS043,FUS Product 043,3245,202,3043,488,272,7793,8.45,2025-08-19,2025-08-03
WH006,MTR909,MTR Product 909,718,331,387,1296,269,3178,252.19,2025-08-01,2025-06-11
WH005,TNR012,TNR Product 012,1772,300,1472,89,353,1968,296.59,2025-08-19,2025-07-20
WH006,INK147,INK Product 147,2988,69,2919,47,361,3148,105.65,2025-07-29,2025-07-25
WH004,PTR583,PTR Product 583,3829,356,3473,1223,237,2894,258.09,2025-08-02,2025-05-28
WH002,MEM043,MEM Product 043,405,319,86,1467,323,4525,18.63,2025-07-24,2025-06-21
WH003,CIR957,CIR Product 957,2418,338,2080,658,181,7646,86.36,2025-07-31,2025-06-05
WH002,INK327,INK Product 327,2341,382,1959,1140,359,3306,209.87,2025-07-22,2025-07-08
WH002,MTR093,MTR Product 093,1018,285,733,33,372,5596,41.5,2025-08-03,2025-06-04
WH004,PTR645,PTR Product 645,2870,271,2599,432,195,7872,254.5,2025-07-27,2025-07-08
WH004,MEM161,MEM Product 161,1375,305,1070,1626,401,4039,49.92,2025-08-05,2025-06-02
WH004,INK323,INK Product 323,3337,194,3143,24,170,7648,126.06,2025-07-26,2025-06-27
WH002,TRB555,TRB Product 555,3465,15,3450,916,55,3427,137.97,2025-07-31,2025-07-31
WH004,MEM017,MEM Product 017,1073,100,973,723,459,1515,113.59,2025-08-09,2025-08-16
WH001,PTR978,PTR Product 978,1630,348,1282,8,84,4614,73.73,2025-07-28,2025-05-30
WH001,MEM509,MEM Product 509,769,161,608,866,77,3841,160.8,2025-08-02,2025-08-12
WH003,DRM184,DRM Product 184,2094,154,1940,153,157,3009,179.66,2025-08-11,2025-06-24
WH005,TRB058,TRB Product 058,3075,495,2580,541,424,7105,113.41,2025-08-17,2025-05-24
WH003,CIR598,CIR Product 598,445,163,282,1480,285,2008,174.35,2025-07-28,2025-08-09
WH006,MTR653,MTR Product 653,4715,272,4443,814,272,7091,281.39,2025-07-24,2025-06-29
WH005,FUS440,FUS Product 440,2704,198,2506,1812,113,5536,75.1,2025-07-23,2025-07-09
WH006,CIR271,CIR Product 271,4583,235,4348,810,330,1056,116.02,2025-08-06,2025-08-13
WH002,FUS764,FUS Product 764,3917,433,3484,970,460,6988,32.07,2025-08-12,2025-07-19
WH001,TNR578,TNR Product 578,1520,83,1437,52,358,3948,133.14,2025-08-13,2025-07-23
WH002,DRM707,DRM Product 707,4945,357,4588,981,158,7440,206.68,2025-08-14,2025-06-08
WH004,TRB266,TRB Product 266,327,95,232,1778,337,2092,100.71,2025-07-27,2025-07-30
WH004,CIR386,CIR Product 386,4863,334,4529,382,182,2354,135.14,2025-07-22,2025-07-20
WH005,DRM230,DRM Product 230,4382,444,3938,692,383,2152,19.73,2025-08-13,2025-05-24
WH002,INK590,INK Product 590,769,128,641,1410,50,1534,130.43,2025-08-14,2025-07-21
WH002,MTR286,MTR Product 286,2403,70,2333,435,202,5052,199.98,2025-08-01,2025-06-05
WH005,DRM911,DRM Product 911,4981,4,4977,1637,394,4958,103.42,2025-08-10,2025-08-09
WH003,TRB707,TRB Product 707,2802,64,2738,1836,249,1471,274.95,2025-08-06,2025-07-09
WH004,TNR207,TNR Product 207,4514,491,4023,452,113,1241,7.1,2025-07-25,2025-06-30
WH003,FUS219,FUS Product 219,1267,94,1173,1584,438,4543,297.9,2025-07-28,2025-07-31
WH002,CIR461,CIR Product 461,3829,239,3590,447,154,1617,127.76,2025-07-28,2025-06-16
WH006,INK978,INK Product 978,3263,205,3058,1901,202,6981,146.56,2025-07-22,2025-06-24
WH001,FUS572,FUS Product 572,2961,26,2935,487,243,7533,16.15,2025-08-01,2025-07-10
WH002,MTR816,MTR Product 816,2492,69,2423,1290,197,1694,220.0,2025-08-19,2025-05-30
WH004,TRB746,TRB Product 746,439,67,372,1838,303,3213,11.43,2025-07-31,2025-06-25
WH004,PTR519,PTR Product 519,1368,219,1149,928,265,2128,115.14,2025-07-22,2025-08-19
WH004,DRM015,DRM Product 015,327,125,202,1447,257,2563,242.62,2025-07-30,2025-07-05
WH006,MEM905,MEM Product 905,2149,484,1665,843,423,1581,89.11,2025-08-06,2025-07-16
WH003,CIR662,CIR Product 662,4802,106,4696,213,317,2782,294.39,2025-07-29,2025-06-07
WH006,CIR767,CIR Product 767,4704,429,4275,1109,412,3275,253.57,2025-08-01,2025-08-10
WH003,MTR438,MTR Product 438,281,161,120,1666,210,1116,260.82,2025-08-01,2025-05-22
WH006,FUS147,FUS Product 147,3415,396,3019,1786,273,3429,69.63,2025-08-16,2025-07-22
WH005,TRB915,TRB Product 915,3121,51,3070,267,101,2285,217.26,2025-08-02,2025-06-12
WH006,TNR677,TNR Product 677,854,168,686,1261,197,5607,280.23,2025-08-13,2025-07-18
WH001,INK717,INK Product 717,599,93,506,1402,280,4579,223.94,2025-07-22,2025-07-30
WH002,FUS837,FUS Product 837,4846,497,4349,1087,410,3491,282.07,2025-08-11,2025-07-28
WH006,DRM350,DRM Product 350,3257,366,2891,944,432,5128,210.64,2025-08-18,2025-06-15
WH005,MTR145,MTR Product 145,1054,104,950,922,319,6267,166.52,2025-08-05,2025-08-12
WH003,MTR996,MTR Product 996,2376,34,2342,794,317,1405,119.01,2025-08-18,2025-07-25
WH006,TRB590,TRB Product 590,3031,205,2826,626,289,7124,293.98,2025-08-01,2025-06-12
WH003,MEM026,MEM Product 026,2658,263,2395,877,401,4635,189.31,2025-08-02,2025-07-01
WH002,MTR248,MTR Product 248,30,27,3,1271,489,4643,51.31,2025-08-08,2025-08-04
WH001,MTR061,MTR Product 061,4701,450,4251,288,263,1685,118.94,2025-08-16,2025-08-19
WH001,MEM331,MEM Product 331,2919,461,2458,652,425,4683,207.2,2025-08-07,2025-07-15
WH003,CIR682,CIR Product 682,4282,484,3798,816,215,3685,226.96,2025-08-09,2025-06-17
WH003,TNR990,TNR Product 990,1410,130,1280,963,270,3249,7.67,2025-08-19,2025-07-01
WH005,CIR346,CIR Product 346,4268,402,3866,1657,262,7622,162.09,2025-08-16,2025-07-13
WH006,INK366,INK Product 366,584,212,372,783,230,3091,101.57,2025-08-16,2025-07-28
WH003,TRB267,TRB Product 267,562,394,168,1049,351,6010,144.85,2025-08-11,2025-08-19
WH002,FUS207,FUS Product 207,4335,208,4127,1868,323,4488,10.98,2025-07-27,2025-07-21
WH003,CIR889,CIR Product 889,343,32,311,926,60,3008,126.0,2025-08-19,2025-06-01
WH003,TRB158,TRB Product 158,1738,262,1476,1316,260,1497,56.96,2025-07-26,2025-05-23
WH003,INK554,INK Product 554,4380,114,4266,62,361,7364,262.55,2025-07-28,2025-08-11
WH002,TRB685,TRB Product 685,4738,6,4732,1195,444,4549,193.55,2025-07-25,2025-06-03
WH004,CIR889,CIR Product 889,4717,449,4268,997,119,7887,86.17,2025-08-16,2025-06-09
WH003,TNR215,TNR Product 215,2970,199,2771,1248,188,5314,9.87,2025-08-10,2025-08-14
WH004,FUS363,FUS Product 363,3093,384,2709,1415,301,3450,296.42,2025-08-20,2025-06-07
WH003,CIR656,CIR Product 656,1824,293,1531,514,396,1154,267.14,2025-08-02,2025-05-31
WH005,INK144,INK Product 144,3540,0,3540,345,417,6054,79.78,2025-08-16,2025-05-28
WH001,FUS993,FUS Product 993,737,181,556,1866,321,5919,292.63,2025-08-16,2025-07-08
WH005,TRB626,TRB Product 626,143,119,24,391,482,3557,51.14,2025-08-13,2025-08-07
WH005,CIR681,CIR Product 681,3766,241,3525,585,322,4578,141.31,2025-08-01,2025-07-04
WH001,TRB069,TRB Product 069,4206,460,3746,871,427,3189,298.06,2025-07-30,2025-06-14
WH006,DRM207,DRM Product 207,30,16,14,1069,436,6930,43.96,2025-08-01,2025-07-10
WH006,MTR895,MTR Product 895,3247,356,2891,1053,462,3264,37.16,2025-08-07,2025-07-30
WH002,FUS173,FUS Product 173,3517,15,3502,1509,379,3953,218.43,2025-08-08,2025-06-01
WH003,DRM471,DRM Product 471,3440,429,3011,984,199,5229,67.67,2025-07-24,2025-06-24
WH002,INK394,INK Product 394,3300,93,3207,1727,352,2750,199.21,2025-07-31,2025-05-24
WH001,PTR095,PTR Product 095,4338,472,3866,1829,458,7261,32.55,2025-08-03,2025-06-16
WH002,TRB798,TRB Product 798,1201,453,748,781,471,3963,247.57,2025-08-02,2025-07-11
WH004,MTR608,MTR Product 608,191,107,84,1900,128,2929,45.24,2025-07-28,2025-08-01
WH002,CIR122,CIR Product 122,3688,319,3369,1029,346,1220,294.31,2025-07-23,2025-07-29
WH002,CIR696,CIR Product 696,4695,28,4667,73,412,7656,240.18,2025-08-07,2025-07-10
WH003,MTR643,MTR Product 643,3670,28,3642,1374,332,3298,244.11,2025-08-06,2025-06-06
WH003,TRB073,TRB Product 073,3646,215,3431,1016,210,3571,65.53,2025-08-04,2025-08-10
WH005,MTR640,MTR Product 640,325,231,94,1533,157,4791,157.16,2025-08-09,2025-06-06
WH001,PTR506,PTR Product 506,4935,29,4906,1142,347,3478,114.65,2025-08-01,2025-05-31
WH004,DRM415,DRM Product 415,4505,107,4398,1035,184,5509,156.44,2025-08-07,2025-07-24
WH005,INK882,INK Product 882,1274,491,783,34,400,4923,123.18,2025-08-16,2025-07-20
WH005,MEM698,MEM Product 698,891,92,799,234,373,7441,202.35,2025-08-20,2025-05-31
WH003,TNR561,TNR Product 561,4479,51,4428,316,340,6300,237.99,2025-08-04,2025-05-29
WH004,TNR524,TNR Product 524,1096,417,679,1655,63,6315,249.28,2025-08-20,2025-06-29
WH004,INK895,INK Product 895,970,24,946,931,350,2080,70.51,2025-07-27,2025-08-01
WH005,MTR148,MTR Product 148,3175,283,2892,1242,168,2834,86.81,2025-07-29,2025-06-15
WH006,MEM678,MEM Product 678,2488,311,2177,1847,282,1378,77.32,2025-08-10,2025-08-14
WH004,CIR336,CIR Product 336,3770,261,3509,1257,261,5248,236.17,2025-07-24,2025-07-22
WH002,PTR363,PTR Product 363,3654,6,3648,1639,299,4622,75.41,2025-08-17,2025-07-29
WH006,FUS103,FUS Product 103,2645,168,2477,696,373,1349,206.31,2025-07-27,2025-07-10
WH004,INK367,INK Product 367,1040,329,711,191,318,4919,187.64,2025-07-30,2025-07-22
WH005,TRB728,TRB Product 728,2295,134,2161,91,209,4011,294.66,2025-08-03,2025-07-24
WH001,TNR319,TNR Product 319,523,157,366,1818,297,1421,197.5,2025-07-29,2025-08-06
WH002,FUS664,FUS Product 664,2643,435,2208,100,151,4281,163.5,2025-08-06,2025-08-05
WH003,MEM839,MEM Product 839,4373,308,4065,152,430,1306,177.33,2025-08-06,2025-06-23
WH005,CIR551,CIR Product 551,437,72,365,475,377,3478,242.45,2025-07-31,2025-07-16
WH003,MEM525,MEM Product 525,2391,134,2257,843,292,5706,244.19,2025-08-20,2025-07-21
WH003,INK068,INK Product 068,3538,111,3427,1920,118,6022,99.86,2025-08-14,2025-06-17
WH005,FUS890,FUS Product 890,975,181,794,1192,305,3998,139.17,2025-07-22,2025-07-30
WH005,DRM679,DRM Product 679,3597,119,3478,213,310,4223,288.74,2025-07-27,2025-07-24
WH006,INK140,INK Product 140,4627,424,4203,181,219,5581,114.27,2025-07-29,2025-05-27
WH003,DRM842,DRM Product 842,1857,116,1741,358,203,1741,116.51,2025-07-28,2025-07-03
WH001,MTR356,MTR Product 356,2083,275,1808,506,348,4545,240.34,2025-08-20,2025-06-21
WH002,TRB299,TRB Product 299,3148,433,2715,964,413,3085,120.29,2025-07-28,2025-08-04
WH003,PTR558,PTR Product 558,2321,332,1989,168,371,4989,84.7,2025-07-22,2025-06-02
WH001,MEM066,MEM Product 066,3620,1,3619,689,56,2323,269.87,2025-08-18,2025-06-15
WH006,TNR415,TNR Product 415,4624,282,4342,147,380,7833,283.17,2025-07-23,2025-08-07
WH002,TRB858,TRB Product 858,2240,341,1899,982,247,6726,267.46,2025-07-29,2025-06-05
WH003,MTR209,MTR Product 209,3988,415,3573,921,197,1211,222.36,2025-08-16,2025-06-05
WH006,DRM549,DRM Product 549,3318,147,3171,1360,376,2977,291.49,2025-07-27,2025-08-16
WH002,MEM985,MEM Product 985,2849,496,2353,1910,433,1242,175.08,2025-07-31,2025-06-06
WH004,DRM120,DRM Product 120,4569,456,4113,386,262,4089,139.0,2025-08-17,2025-06-04
WH006,MEM426,MEM Product 426,3390,222,3168,1950,89,1012,47.02,2025-08-10,2025-06-30
WH002,TRB179,TRB Product 179,262,68,194,1624,484,7867,43.62,2025-07-30,2025-05-22
WH002,TRB629,TRB Product 629,4820,278,4542,81,87,2710,219.2,2025-08-07,2025-06-10
WH002,MEM500,MEM Product 500,2933,316,2617,1516,58,1768,145.45,2025-08-06,2025-06-02
WH001,PTR154,PTR Product 154,2493,141,2352,1667,256,1985,86.65,2025-08-20,2025-06-02
WH002,FUS252,FUS Product 252,2870,32,2838,937,205,7975,122.25,2025-08-09,2025-06-25
WH003,DRM890,DRM Product 890,3087,416,2671,107,106,5502,118.81,2025-08-05,2025-08-03
WH004,FUS069,FUS Product 069,4649,299,4350,1602,434,3922,222.1,2025-07-31,2025-07-02
WH005,PTR365,PTR Product 365,4773,388,4385,323,377,2496,148.86,2025-08-06,2025-07-02
WH003,TNR306,TNR Product 306,4979,23,4956,53,160,7494,276.25,2025-08-03,2025-07-09
WH001,DRM761,DRM Product 761,2740,175,2565,130,423,6914,293.75,2025-07-25,2025-07-16
WH003,TRB897,TRB Product 897,4500,204,4296,985,122,2479,162.82,2025-08-03,2025-07-21
WH005,INK308,INK Product 308,3840,386,3454,493,169,1541,80.28,2025-08-09,2025-07-15
WH004,TNR383,TNR Product 383,3950,149,3801,1188,474,2621,49.74,2025-08-18,2025-08-05
WH003,CIR539,CIR Product 539,4235,238,3997,1207,471,3595,68.8,2025-08-16,2025-05-23
WH001,TRB015,TRB Product 015,4777,164,4613,584,174,4611,151.68,2025-08-07,2025-06-26
WH001,MTR199,MTR Product 199,424,357,67,1082,461,4063,153.59,2025-08-19,2025-08-07
WH006,MTR492,MTR Product 492,1992,43,1949,639,155,5770,30.78,2025-08-18,2025-08-11
WH003,FUS444,FUS Product 444,3943,273,3670,844,137,6171,36.53,2025-07-26,2025-08-18
WH004,MTR080,MTR Product 080,4495,233,4262,199,73,6039,203.38,2025-07-31,2025-06-13
WH003,MEM309,MEM Product 309,1055,169,886,1558,282,7872,21.54,2025-07-31,2025-06-10
WH004,FUS251,FUS Product 251,590,190,400,1929,184,2468,213.77,2025-08-14,2025-08-18
WH004,INK055,INK Product 055,1512,99,1413,111,144,5114,132.92,2025-08-10,2025-05-29
WH006,PTR932,PTR Product 932,154,83,71,1874,475,2131,55.44,2025-07-28,2025-08-07
WH001,TRB808,TRB Product 808,1256,13,1243,826,259,4935,16.77,2025-08-10,2025-08-10
WH003,PTR757,PTR Product 757,4823,289,4534,290,59,1781,295.02,2025-08-08,2025-06-26
WH002,FUS870,FUS Product 870,4254,72,4182,263,119,7986,46.16,2025-08-19,2025-08-15
WH003,FUS890,FUS Product 890,4809,66,4743,377,390,2442,19.86,2025-08-08,2025-08-02
WH006,INK098,INK Product 098,379,38,341,233,438,2701,81.26,2025-08-11,2025-07-24
WH002,TNR198,TNR Product 198,1866,328,1538,356,236,2487,157.99,2025-07-21,2025-08-05
WH002,DRM250,DRM Product 250,4896,130,4766,687,476,4372,205.7,2025-08-10,2025-08-03
WH002,TRB191,TRB Product 191,4100,204,3896,611,445,7587,93.59,2025-08-06,2025-06-26
WH001,DRM271,DRM Product 271,4781,262,4519,880,269,2583,84.67,2025-07-28,2025-08-13
WH006,PTR254,PTR Product 254,3582,384,3198,929,375,6488,145.21,2025-07-23,2025-07-19
WH003,MTR653,MTR Product 653,2953,90,2863,1273,291,7802,74.21,2025-08-08,2025-08-08
WH003,DRM393,DRM Product 393,3311,189,3122,1667,220,5609,255.03,2025-08-12,2025-06-18
WH004,DRM379,DRM Product 379,2017,446,1571,1309,311,1496,188.15,2025-08-07,2025-06-27
WH003,TNR273,TNR Product 273,3872,400,3472,756,162,3041,124.86,2025-08-02,2025-05-22
WH003,DRM296,DRM Product 296,3617,398,3219,1943,188,7264,121.77,2025-07-28,2025-07-10
WH006,FUS347,FUS Product 347,1707,287,1420,1188,407,6647,211.7,2025-08-07,2025-08-03
WH006,MTR910,MTR Product 910,2777,382,2395,511,128,3372,65.54,2025-07-22,2025-07-01
WH004,DRM305,DRM Product 305,845,173,672,972,91,2283,194.43,2025-07-24,2025-05-29
WH006,MEM974,MEM Product 974,1609,381,1228,1280,330,2839,101.24,2025-08-14,2025-05-27
WH003,MEM562,MEM Product 562,2691,256,2435,1534,269,3018,202.6,2025-08-20,2025-06-28
WH001,MEM749,MEM Product 749,4410,75,4335,606,339,4853,179.52,2025-08-13,2025-06-02
WH005,MTR807,MTR Product 807,632,212,420,196,231,2839,204.09,2025-08-04,2025-08-09
WH001,MEM919,MEM Product 919,4221,335,3886,402,405,4783,31.98,2025-08-13,2025-08-17
WH004,FUS486,FUS Product 486,1071,194,877,120,291,6661,54.81,2025-07-25,2025-08-19
WH001,TRB550,TRB Product 550,3470,417,3053,987,333,6829,11.61,2025-07-23,2025-08-02
WH004,TRB588,TRB Product 588,1703,60,1643,269,112,3338,123.07,2025-08-14,2025-06-05
WH003,CIR407,CIR Product 407,1506,165,1341,1315,192,7867,48.37,2025-08-02,2025-05-30
WH002,MEM863,MEM Product 863,2429,176,2253,1537,257,2680,275.64,2025-08-14,2025-06-04
WH001,CIR143,CIR Product 143,4792,440,4352,1651,351,6165,270.38,2025-08-20,2025-07-23
WH004,TRB518,TRB Product 518,654,341,313,224,142,6259,127.59,2025-07-22,2025-07-01
WH006,TRB581,TRB Product 581,3769,45,3724,1270,259,4698,296.92,2025-08-20,2025-06-28
WH006,MTR230,MTR Product 230,1789,168,1621,451,357,1908,15.65,2025-07-21,2025-07-01
WH001,DRM359,DRM Product 359,4679,14,4665,232,255,7357,217.2,2025-08-02,2025-06-03
WH003,INK780,INK Product 780,666,99,567,463,168,3229,291.78,2025-08-14,2025-06-20
WH006,MEM854,MEM Product 854,3948,336,3612,1638,155,6616,86.44,2025-07-26,2025-08-07
WH003,INK846,INK Product 846,4614,279,4335,1632,403,3173,32.04,2025-08-19,2025-08-10
WH004,CIR615,CIR Product 615,1773,19,1754,151,178,5459,32.79,2025-08-08,2025-08-18
WH003,TNR791,TNR Product 791,204,12,192,1737,209,6375,270.28,2025-08-15,2025-08-15
WH002,MTR576,MTR Product 576,3417,436,2981,854,110,4311,275.29,2025-08-19,2025-08-10
WH005,INK253,INK Product 253,2391,73,2318,249,482,7305,64.96,2025-08-04,2025-07-08
WH003,MTR268,MTR Product 268,1277,30,1247,429,213,2617,27.95,2025-08-19,2025-05-22
WH004,TNR498,TNR Product 498,4847,51,4796,420,328,4130,23.27,2025-08-10,2025-06-19
WH001,TNR810,TNR Product 810,4059,59,4000,416,498,2107,236.1,2025-08-17,2025-06-06
WH006,TRB949,TRB Product 949,132,34,98,621,287,6480,261.01,2025-08-15,2025-06-14
WH005,TNR297,TNR Product 297,753,61,692,271,480,5371,141.05,2025-07-31,2025-07-12
WH003,DRM931,DRM Product 931,3969,478,3491,1427,88,7329,279.24,2025-08-14,2025-06-25
WH004,MTR378,MTR Product 378,4021,194,3827,603,490,4511,61.12,2025-08-18,2025-07-20
WH005,TNR039,TNR Product 039,4090,154,3936,1258,106,6387,295.84,2025-08-17,2025-06-07
WH003,DRM256,DRM Product 256,1243,60,1183,713,195,1392,28.37,2025-08-13,2025-08-09
WH003,FUS340,FUS Product 340,421,210,211,1222,389,4549,289.94,2025-08-15,2025-07-01
WH001,MEM562,MEM Product 562,2074,416,1658,705,222,2369,299.5,2025-08-15,2025-05-28
WH004,TRB915,TRB Product 915,614,1,613,284,374,3976,89.19,2025-07-28,2025-08-11
WH006,CIR598,CIR Product 598,4446,305,4141,1443,364,3260,159.05,2025-07-22,2025-07-05
WH004,MEM620,MEM Product 620,2312,259,2053,1167,356,2809,294.45,2025-08-20,2025-07-03
WH001,PTR444,PTR Product 444,3698,178,3520,1923,389,4292,67.2,2025-08-09,2025-06-16
WH003,DRM873,DRM Product 873,1509,229,1280,1306,420,1707,139.96,2025-08-08,2025-06-29
WH002,PTR415,PTR Product 415,3006,13,2993,530,245,1065,146.05,2025-07-30,2025-08-14
WH001,TRB880,TRB Product 880,2248,56,2192,1717,163,1041,296.12,2025-08-08,2025-06-15
WH006,MEM882,MEM Product 882,1474,133,1341,82,453,6737,156.5,2025-07-27,2025-08-06
WH001,INK992,INK Product 992,3373,209,3164,1108,356,1483,203.65,2025-07-26,2025-08-07
WH004,DRM550,DRM Product 550,1152,3,1149,966,258,2380,62.49,2025-07-28,2025-08-05
WH001,PTR892,PTR Product 892,1321,71,1250,469,123,5523,49.53,2025-08-15,2025-06-09
WH002,TRB014,TRB Product 014,4391,142,4249,964,217,2274,160.64,2025-08-09,2025-06-03
WH005,TRB033,TRB Product 033,10,4,6,188,69,6949,226.87,2025-08-12,2025-06-23
WH005,TNR234,TNR Product 234,3055,455,2600,1601,102,6771,39.94,2025-08-13,2025-07-06
WH006,INK846,INK Product 846,2575,99,2476,652,449,4629,278.72,2025-08-15,2025-05-29
WH005,DRM946,DRM Product 946,62,50,12,1903,273,3369,40.58,2025-07-29,2025-05-26
WH003,CIR570,CIR Product 570,335,306,29,1554,287,5294,76.63,2025-08-16,2025-06-11
WH001,TNR025,TNR Product 025,2458,52,2406,1273,197,6835,283.3,2025-08-13,2025-07-12
WH001,PTR893,PTR Product 893,1034,402,632,1560,311,7233,272.47,2025-07-22,2025-05-28
WH003,TRB481,TRB Product 481,4552,209,4343,1638,282,3357,221.42,2025-07-31,2025-08-03
WH005,INK180,INK Product 180,696,328,368,1044,395,5550,278.33,2025-08-13,2025-08-17
WH004,FUS775,FUS Product 775,2820,254,2566,1869,336,6263,214.84,2025-08-20,2025-05-25
WH002,CIR572,CIR Product 572,4793,395,4398,236,391,2195,34.61,2025-07-25,2025-05-27
WH005,CIR257,CIR Product 257,1962,420,1542,1475,256,5884,175.25,2025-08-10,2025-07-08
WH005,PTR981,PTR Product 981,2821,468,2353,1009,451,4048,180.14,2025-08-11,2025-05-22
WH001,MTR778,MTR Product 778,2279,95,2184,1179,427,1005,251.22,2025-08-01,2025-06-25
WH005,INK707,INK Product 707,2441,183,2258,1830,128,5258,184.66,2025-08-03,2025-06-26
WH001,MEM069,MEM Product 069,397,198,199,679,265,4765,76.72,2025-08-06,2025-07-16
WH003,CIR916,CIR Product 916,354,42,312,817,212,2178,136.57,2025-08-18,2025-07-22
WH004,MTR071,MTR Product 071,2448,300,2148,1840,332,1479,47.15,2025-08-13,2025-05-30
WH001,MTR288,MTR Product 288,1592,245,1347,1480,254,6045,186.44,2025-07-31,2025-06-02
WH004,TRB276,TRB Product 276,2468,235,2233,1584,478,5086,258.74,2025-08-15,2025-07-09
WH001,MTR289,MTR Product 289,1508,123,1385,1523,122,3052,57.18,2025-08-11,2025-06-15
WH001,INK281,INK Product 281,655,232,423,1452,114,3521,38.51,2025-08-10,2025-07-07
WH002,MEM615,MEM Product 615,884,167,717,1094,223,3583,140.8,2025-07-24,2025-06-06
WH001,MEM179,MEM Product 179,4087,288,3799,1656,243,1122,53.66,2025-08-15,2025-07-03
WH004,INK245,INK Product 245,1744,113,1631,1345,123,6083,239.67,2025-07-30,2025-06-04
WH003,PTR186,PTR Product 186,1820,434,1386,169,214,6243,164.11,2025-07-26,2025-08-02
WH005,MEM232,MEM Product 232,377,143,234,41,474,2145,183.89,2025-08-08,2025-07-27
WH006,TNR454,TNR Product 454,1293,50,1243,994,201,2285,182.46,2025-07-25,2025-08-03
WH001,TRB090,TRB Product 090,3336,237,3099,1109,443,2448,272.11,2025-08-09,2025-05-24
WH002,DRM922,DRM Product 922,3326,195,3131,1237,157,4889,258.37,2025-07-25,2025-08-19
WH004,FUS130,FUS Product 130,2907,384,2523,67,160,1992,252.66,2025-08-02,2025-07-30
WH005,INK310,INK Product 310,4355,399,3956,1920,470,3935,8.22,2025-08-16,2025-08-14
WH004,TNR688,TNR Product 688,4792,24,4768,217,345,2960,195.03,2025-08-14,2025-07-03
WH005,FUS502,FUS Product 502,4949,249,4700,173,359,1506,6.6,2025-07-31,2025-08-17
WH002,PTR441,PTR Product 441,814,192,622,299,144,7895,106.1,2025-07-29,2025-05-25
WH003,CIR066,CIR Product 066,4211,378,3833,754,231,5912,96.87,2025-07-28,2025-06-23
WH005,DRM233,DRM Product 233,3,2,1,1625,449,3819,219.72,2025-08-14,2025-08-02
WH006,FUS085,FUS Product 085,3154,333,2821,1285,289,4813,275.31,2025-08-03,2025-08-10
WH003,PTR386,PTR Product 386,2372,225,2147,1503,197,7863,78.04,2025-08-20,2025-08-04
WH005,TRB968,TRB Product 968,2889,100,2789,1387,364,6728,274.25,2025-07-22,2025-08-09
WH006,CIR998,CIR Product 998,4087,219,3868,1984,265,6828,131.83,2025-08-19,2025-07-06
WH002,CIR664,CIR Product 664,3424,34,3390,256,63,7420,175.19,2025-08-03,2025-08-08
WH006,PTR489,PTR Product 489,4484,28,4456,833,389,1607,240.35,2025-08-01,2025-08-12
WH002,DRM252,DRM Product 252,567,345,222,233,250,4919,190.05,2025-07-30,2025-06-24
WH001,MEM645,MEM Product 645,3914,323,3591,875,154,3746,78.34,2025-08-16,2025-07-25
WH006,CIR127,CIR Product 127,4416,182,4234,1199,129,1586,261.48,2025-08-08,2025-05-30
WH005,TRB663,TRB Product 663,4199,188,4011,848,162,5079,30.62,2025-08-11,2025-07-31
WH005,TRB198,TRB Product 198,176,10,166,59,432,3005,139.34,2025-08-10,2025-07-19
WH005,MTR579,MTR Product 579,1216,447,769,498,409,6712,27.5,2025-08-16,2025-07-17
WH004,PTR614,PTR Product 614,4114,435,3679,778,244,6018,67.35,2025-08-05,2025-06-12
WH006,TRB106,TRB Product 106,4021,337,3684,1134,153,7565,206.8,2025-08-07,2025-07-07
WH005,TNR904,TNR Product 904,2792,458,2334,430,318,2142,18.12,2025-08-17,2025-07-15
WH006,INK835,INK Product 835,3177,411,2766,723,133,6737,131.81,2025-08-11,2025-07-27
WH004,CIR887,CIR Product 887,1804,446,1358,1817,238,1521,242.8,2025-08-05,2025-07-27
WH003,PTR966,PTR Product 966,2829,112,2717,1970,463,3039,149.76,2025-07-25,2025-07-04
WH006,MEM322,MEM Product 322,3161,314,2847,961,260,3131,161.5,2025-08-04,2025-07-13
WH005,MEM164,MEM Product 164,1349,142,1207,1667,460,5732,90.66,2025-08-09,2025-08-04
WH001,TRB417,TRB Product 417,1131,161,970,11,261,5739,44.1,2025-08-02,2025-06-27
WH003,MEM547,MEM Product 547,2734,439,2295,224,123,7704,203.61,2025-07-24,2025-06-27
WH002,CIR897,CIR Product 897,3423,364,3059,1008,141,5892,283.72,2025-07-28,2025-07-10
WH006,INK629,INK Product 629,3611,299,3312,1592,160,3108,207.33,2025-08-12,2025-08-02
WH001,DRM590,DRM Product 590,903,154,749,895,494,7410,199.07,2025-07-23,2025-08-19
WH002,DRM807,DRM Product 807,1604,149,1455,1828,302,4780,167.72,2025-07-24,2025-05-23
WH006,INK294,INK Product 294,2825,497,2328,1009,420,5646,142.3,2025-07-23,2025-08-02
WH003,TNR885,TNR Product 885,4257,149,4108,1429,385,1425,140.92,2025-08-14,2025-07-21
WH006,MTR138,MTR Product 138,766,149,617,927,334,6575,253.21,2025-07-21,2025-08-01
WH002,FUS456,FUS Product 456,1278,355,923,114,340,6723,212.72,2025-08-10,2025-08-11
WH006,MEM500,MEM Product 500,3278,392,2886,1494,277,1096,122.24,2025-08-07,2025-05-31
WH002,DRM870,DRM Product 870,4261,218,4043,410,52,1924,25.79,2025-08-16,2025-07-31
WH001,INK913,INK Product 913,4243,149,4094,1030,187,2036,119.97,2025-08-12,2025-06-11
WH002,FUS771,FUS Product 771,1740,216,1524,1738,281,6535,175.41,2025-08-20,2025-06-15
WH002,MTR620,MTR Product 620,3321,255,3066,1482,428,6227,31.21,2025-08-14,2025-07-02
WH001,PTR656,PTR Product 656,2074,310,1764,1878,196,4562,263.74,2025-08-01,2025-08-02
WH001,MTR380,MTR Product 380,3434,143,3291,1163,416,7831,21.28,2025-07-24,2025-07-26
WH002,TRB637,TRB Product 637,3027,390,2637,1775,97,5619,279.57,2025-08-09,2025-08-13
WH006,INK080,INK Product 080,887,460,427,679,199,4207,38.25,2025-08-09,2025-06-13
WH006,INK554,INK Product 554,399,110,289,1948,318,7010,155.8,2025-07-31,2025-08-15
WH003,TRB654,TRB Product 654,558,31,527,577,81,3227,77.14,2025-08-09,2025-06-29
WH004,MTR349,MTR Product 349,621,351,270,437,476,3704,62.12,2025-07-31,2025-05-28
WH001,TRB528,TRB Product 528,1779,244,1535,635,284,3619,109.56,2025-08-19,2025-07-25
WH001,INK106,INK Product 106,3303,264,3039,1907,212,4124,88.85,2025-08-17,2025-06-18
WH004,MTR269,MTR Product 269,295,46,249,1970,361,1304,51.49,2025-08-06,2025-05-27
WH005,MTR711,MTR Product 711,4577,330,4247,1440,154,4962,212.3,2025-08-07,2025-08-08
WH001,PTR529,PTR Product 529,3188,217,2971,1636,314,4460,39.16,2025-08-02,2025-06-07
WH004,MEM450,MEM Product 450,2918,296,2622,1507,414,5270,65.37,2025-08-14,2025-07-30
WH004,TNR488,TNR Product 488,341,164,177,1771,64,3726,291.07,2025-08-03,2025-07-24
WH003,FUS262,FUS Product 262,2920,329,2591,1104,84,5817,108.24,2025-08-10,2025-06-24
WH006,DRM559,DRM Product 559,3027,126,2901,746,172,3027,176.07,2025-08-02,2025-06-15
WH002,TRB164,TRB Product 164,3177,204,2973,1350,122,1772,143.62,2025-07-27,2025-05-22
WH004,PTR573,PTR Product 573,354,34,320,1395,219,5418,245.42,2025-07-22,2025-06-26
WH004,MTR497,MTR Product 497,4954,444,4510,426,52,7674,263.23,2025-08-14,2025-08-19
WH002,MTR350,MTR Product 350,1675,80,1595,1845,472,4784,58.55,2025-07-27,2025-07-01
WH004,MTR831,MTR Product 831,1818,130,1688,648,85,6226,115.06,2025-07-28,2025-08-12
WH002,PTR129,PTR Product 129,4242,189,4053,1932,203,4493,37.3,2025-08-13,2025-08-19
WH005,CIR838,CIR Product 838,1560,481,1079,1874,53,5384,275.32,2025-07-22,2025-06-20
WH002,INK655,INK Product 655,3741,391,3350,1697,164,5551,260.31,2025-07-24,2025-07-29
WH004,CIR481,CIR Product 481,3734,470,3264,1529,436,1949,41.53,2025-07-27,2025-06-16
WH003,DRM327,DRM Product 327,1050,354,696,1500,296,6345,154.15,2025-08-08,2025-07-25
WH001,INK009,INK Product 009,3625,464,3161,169,124,1599,20.12,2025-08-16,2025-07-15
WH002,FUS303,FUS Product 303,2377,250,2127,443,397,1424,108.54,2025-07-30,2025-06-19
WH006,CIR481,CIR Product 481,769,387,382,1267,477,7420,215.26,2025-08-07,2025-08-04
WH006,CIR111,CIR Product 111,3081,186,2895,1453,362,4559,108.85,2025-08-08,2025-06-29
WH004,MEM304,MEM Product 304,333,310,23,1248,420,6580,117.01,2025-07-24,2025-07-20
WH003,INK018,INK Product 018,3003,77,2926,330,471,7878,88.77,2025-08-16,2025-05-25
WH004,PTR201,PTR Product 201,3759,319,3440,410,405,2493,43.38,2025-08-18,2025-06-06
WH001,TRB250,TRB Product 250,108,58,50,43,235,6679,89.64,2025-07-30,2025-07-19
WH004,INK781,INK Product 781,934,171,763,1009,453,6247,178.49,2025-08-18,2025-07-08
WH001,TNR045,TNR Product 045,567,203,364,1451,474,2240,129.19,2025-08-20,2025-06-16
WH001,DRM411,DRM Product 411,2856,286,2570,1171,417,2711,202.8,2025-07-24,2025-06-21
WH003,CIR885,CIR Product 885,4557,470,4087,1748,154,2807,99.67,2025-08-04,2025-06-16
WH006,FUS367,FUS Product 367,4030,457,3573,182,357,2531,37.68,2025-08-02,2025-06-29
WH004,TNR838,TNR Product 838,2065,196,1869,496,413,5139,277.68,2025-07-31,2025-07-01
WH003,FUS832,FUS Product 832,1276,11,1265,1795,156,1750,283.06,2025-07-21,2025-06-17
WH006,DRM837,DRM Product 837,3339,216,3123,747,124,7378,158.41,2025-08-11,2025-06-30
WH005,PTR271,PTR Product 271,4851,461,4390,340,418,5080,202.91,2025-08-11,2025-08-19
WH001,INK706,INK Product 706,1157,10,1147,1118,250,6440,20.58,2025-08-11,2025-05-26
WH006,MEM809,MEM Product 809,143,81,62,176,351,1197,170.48,2025-08-10,2025-07-15
WH002,DRM508,DRM Product 508,938,205,733,1954,383,2662,220.5,2025-07-23,2025-05-29
WH006,FUS241,FUS Product 241,2623,460,2163,861,482,6369,273.41,2025-08-08,2025-06-04
WH006,FUS832,FUS Product 832,105,11,94,1857,79,1465,218.37,2025-08-02,2025-08-13
WH005,FUS068,FUS Product 068,4530,227,4303,1067,108,6956,7.03,2025-07-21,2025-07-11
WH005,INK178,INK Product 178,4314,329,3985,1942,168,3751,211.5,2025-08-12,2025-08-11
WH003,MTR902,MTR Product 902,4916,387,4529,368,369,6594,20.86,2025-07-28,2025-07-21
WH001,TRB724,TRB Product 724,1807,324,1483,908,263,4479,32.02,2025-07-27,2025-06-27
WH004,DRM547,DRM Product 547,202,131,71,1615,465,1674,47.25,2025-08-16,2025-05-25
WH006,MEM533,MEM Product 533,547,178,369,1747,492,7234,174.18,2025-07-27,2025-06-22
WH006,TRB788,TRB Product 788,3751,433,3318,7,496,3846,273.93,2025-08-13,2025-08-10
WH001,INK358,INK Product 358,4493,484,4009,434,395,7387,224.04,2025-08-20,2025-06-02
